id,facility_id,medicine_id,order_date,expected_delivery_date,actual_delivery_date,quantity,status
ord_fac_0000_med_amoxicillin_0000,fac_0000,med_amoxicillin,2026-03-17,2026-03-24,2026-03-24,124.7,delivered
ord_fac_0000_med_amoxicillin_0001,fac_0000,med_amoxicillin,2026-04-07,2026-04-14,2026-04-14,119.3,delivered
ord_fac_0000_med_amoxicillin_0002,fac_0000,med_amoxicillin,2026-04-28,2026-05-06,2026-05-07,128.8,delivered
ord_fac_0000_med_amoxicillin_0003,fac_0000,med_amoxicillin,2026-05-19,2026-05-23,2026-05-23,132.1,delivered
ord_fac_0000_med_amoxicillin_0004,fac_0000,med_amoxicillin,2026-06-09,2026-06-14,2026-06-14,99.8,delivered
ord_fac_0000_med_amoxicillin_0005,fac_0000,med_amoxicillin,2026-06-30,2026-07-03,2026-07-03,140.5,delivered
ord_fac_0000_med_amoxicillin_0006,fac_0000,med_amoxicillin,2026-07-21,2026-07-26,2026-07-26,126.0,delivered
ord_fac_0000_med_amoxicillin_0007,fac_0000,med_amoxicillin,2026-08-11,2026-08-20,2026-08-19,94.6,delivered
ord_fac_0000_med_amoxicillin_0008,fac_0000,med_amoxicillin,2026-09-01,2026-09-09,2026-09-09,112.9,delivered
ord_fac_0000_med_paracetamol_0000,fac_0000,med_paracetamol,2026-03-17,2026-03-27,2026-03-27,98.0,delivered
ord_fac_0000_med_paracetamol_0001,fac_0000,med_paracetamol,2026-04-07,2026-04-12,2026-04-12,107.8,delivered
ord_fac_0000_med_paracetamol_0002,fac_0000,med_paracetamol,2026-04-28,2026-05-08,2026-05-07,118.6,delivered
ord_fac_0000_med_paracetamol_0003,fac_0000,med_paracetamol,2026-05-19,2026-05-27,2026-05-27,114.4,delivered
ord_fac_0000_med_paracetamol_0004,fac_0000,med_paracetamol,2026-06-09,2026-06-12,2026-06-12,88.3,delivered
ord_fac_0000_med_paracetamol_0005,fac_0000,med_paracetamol,2026-06-30,2026-07-06,2026-07-06,86.3,delivered
ord_fac_0000_med_paracetamol_0006,fac_0000,med_paracetamol,2026-07-21,2026-07-26,2026-07-26,113.3,delivered
ord_fac_0000_med_paracetamol_0007,fac_0000,med_paracetamol,2026-08-11,2026-08-17,2026-08-27,100.1,delayed
ord_fac_0000_med_paracetamol_0008,fac_0000,med_paracetamol,2026-09-01,2026-09-08,2026-09-08,107.0,delivered
ord_fac_0000_med_oral_rehydration_salts_0000,fac_0000,med_oral_rehydration_salts,2026-03-17,2026-03-26,2026-03-26,109.2,delivered
ord_fac_0000_med_oral_rehydration_salts_0001,fac_0000,med_oral_rehydration_salts,2026-04-07,2026-04-15,2026-04-21,95.9,delayed
ord_fac_0000_med_oral_rehydration_salts_0002,fac_0000,med_oral_rehydration_salts,2026-04-28,2026-05-06,2026-05-06,91.2,delivered
ord_fac_0000_med_oral_rehydration_salts_0003,fac_0000,med_oral_rehydration_salts,2026-05-19,2026-05-29,2026-06-07,104.3,delayed
ord_fac_0000_med_oral_rehydration_salts_0004,fac_0000,med_oral_rehydration_salts,2026-06-09,2026-06-16,2026-06-15,115.6,delivered
ord_fac_0000_med_oral_rehydration_salts_0005,fac_0000,med_oral_rehydration_salts,2026-06-30,2026-07-07,2026-07-07,89.5,delivered
ord_fac_0000_med_oral_rehydration_salts_0006,fac_0000,med_oral_rehydration_salts,2026-07-21,2026-07-26,2026-07-25,125.1,delivered
ord_fac_0000_med_oral_rehydration_salts_0007,fac_0000,med_oral_rehydration_salts,2026-08-11,2026-08-17,2026-08-18,106.6,delivered
ord_fac_0000_med_oral_rehydration_salts_0008,fac_0000,med_oral_rehydration_salts,2026-09-01,2026-09-11,2026-09-12,133.4,delivered
ord_fac_0000_med_insulin_0000,fac_0000,med_insulin,2026-03-17,2026-03-25,2026-03-25,64.5,delivered
ord_fac_0000_med_insulin_0001,fac_0000,med_insulin,2026-04-07,2026-04-11,2026-04-14,73.4,delayed
ord_fac_0000_med_insulin_0002,fac_0000,med_insulin,2026-04-28,2026-05-06,2026-05-06,83.0,delivered
ord_fac_0000_med_insulin_0003,fac_0000,med_insulin,2026-05-19,2026-05-26,2026-05-27,70.8,delivered
ord_fac_0000_med_insulin_0004,fac_0000,med_insulin,2026-06-09,2026-06-18,2026-06-18,83.9,delivered
ord_fac_0000_med_insulin_0005,fac_0000,med_insulin,2026-06-30,2026-07-06,2026-07-06,82.4,delivered
ord_fac_0000_med_insulin_0006,fac_0000,med_insulin,2026-07-21,2026-07-29,2026-07-30,67.4,delivered
ord_fac_0000_med_insulin_0007,fac_0000,med_insulin,2026-08-11,2026-08-17,2026-08-17,86.5,delivered
ord_fac_0000_med_insulin_0008,fac_0000,med_insulin,2026-09-01,2026-09-08,2026-09-08,80.9,delivered
ord_fac_0000_med_salbutamol_0000,fac_0000,med_salbutamol,2026-03-17,2026-03-23,2026-03-23,99.4,delivered
ord_fac_0000_med_salbutamol_0001,fac_0000,med_salbutamol,2026-04-07,2026-04-11,2026-04-10,101.0,delivered
ord_fac_0000_med_salbutamol_0002,fac_0000,med_salbutamol,2026-04-28,2026-05-04,2026-05-04,100.2,delivered
ord_fac_0000_med_salbutamol_0003,fac_0000,med_salbutamol,2026-05-19,2026-05-29,2026-05-29,106.7,delivered
ord_fac_0000_med_salbutamol_0004,fac_0000,med_salbutamol,2026-06-09,2026-06-18,2026-06-18,100.9,delivered
ord_fac_0000_med_salbutamol_0005,fac_0000,med_salbutamol,2026-06-30,2026-07-08,2026-07-08,112.6,delivered
ord_fac_0000_med_salbutamol_0006,fac_0000,med_salbutamol,2026-07-21,2026-07-28,2026-07-29,133.2,delivered
ord_fac_0000_med_salbutamol_0007,fac_0000,med_salbutamol,2026-08-11,2026-08-21,2026-08-30,134.3,delayed
ord_fac_0000_med_salbutamol_0008,fac_0000,med_salbutamol,2026-09-01,2026-09-06,2026-09-06,127.3,delivered
ord_fac_0000_med_ciprofloxacin_0000,fac_0000,med_ciprofloxacin,2026-03-17,2026-03-25,2026-03-25,101.4,delivered
ord_fac_0000_med_ciprofloxacin_0001,fac_0000,med_ciprofloxacin,2026-04-07,2026-04-14,2026-04-15,91.7,delivered
ord_fac_0000_med_ciprofloxacin_0002,fac_0000,med_ciprofloxacin,2026-04-28,2026-05-03,2026-05-03,80.2,delivered
ord_fac_0000_med_ciprofloxacin_0003,fac_0000,med_ciprofloxacin,2026-05-19,2026-05-23,2026-05-23,100.6,delivered
ord_fac_0000_med_ciprofloxacin_0004,fac_0000,med_ciprofloxacin,2026-06-09,2026-06-14,2026-06-18,98.9,delayed
ord_fac_0000_med_ciprofloxacin_0005,fac_0000,med_ciprofloxacin,2026-06-30,2026-07-02,2026-07-03,78.1,delivered
ord_fac_0000_med_ciprofloxacin_0006,fac_0000,med_ciprofloxacin,2026-07-21,2026-07-26,2026-07-26,82.7,delivered
ord_fac_0000_med_ciprofloxacin_0007,fac_0000,med_ciprofloxacin,2026-08-11,2026-08-18,2026-08-18,102.4,delivered
ord_fac_0000_med_ciprofloxacin_0008,fac_0000,med_ciprofloxacin,2026-09-01,2026-09-09,2026-09-09,101.2,delivered
ord_fac_0000_med_diazepam_0000,fac_0000,med_diazepam,2026-03-17,2026-03-27,2026-03-26,139.2,delivered
ord_fac_0000_med_diazepam_0001,fac_0000,med_diazepam,2026-04-07,2026-04-13,2026-04-23,183.3,delayed
ord_fac_0000_med_diazepam_0002,fac_0000,med_diazepam,2026-04-28,2026-05-04,2026-05-11,157.2,delayed
ord_fac_0000_med_diazepam_0003,fac_0000,med_diazepam,2026-05-19,2026-05-26,2026-05-27,155.7,delivered
ord_fac_0000_med_diazepam_0004,fac_0000,med_diazepam,2026-06-09,2026-06-14,2026-06-14,179.4,delivered
ord_fac_0000_med_diazepam_0005,fac_0000,med_diazepam,2026-06-30,2026-07-09,2026-07-09,170.7,delivered
ord_fac_0000_med_diazepam_0006,fac_0000,med_diazepam,2026-07-21,2026-07-28,2026-07-29,149.7,delivered
ord_fac_0000_med_diazepam_0007,fac_0000,med_diazepam,2026-08-11,2026-08-13,2026-08-13,162.7,delivered
ord_fac_0000_med_diazepam_0008,fac_0000,med_diazepam,2026-09-01,2026-09-08,2026-09-08,176.4,delivered
ord_fac_0000_med_folic_acid_0000,fac_0000,med_folic_acid,2026-03-17,2026-03-23,2026-03-23,130.0,delivered
ord_fac_0000_med_folic_acid_0001,fac_0000,med_folic_acid,2026-04-07,2026-04-16,2026-04-16,89.5,delivered
ord_fac_0000_med_folic_acid_0002,fac_0000,med_folic_acid,2026-04-28,2026-05-03,2026-05-07,107.9,delayed
ord_fac_0000_med_folic_acid_0003,fac_0000,med_folic_acid,2026-05-19,2026-05-28,2026-05-28,98.9,delivered
ord_fac_0000_med_folic_acid_0004,fac_0000,med_folic_acid,2026-06-09,2026-06-19,2026-06-19,127.6,delivered
ord_fac_0000_med_folic_acid_0005,fac_0000,med_folic_acid,2026-06-30,2026-07-08,2026-07-08,96.7,delivered
ord_fac_0000_med_folic_acid_0006,fac_0000,med_folic_acid,2026-07-21,2026-07-26,2026-07-26,98.9,delivered
ord_fac_0000_med_folic_acid_0007,fac_0000,med_folic_acid,2026-08-11,2026-08-15,2026-08-15,124.6,delivered
ord_fac_0000_med_folic_acid_0008,fac_0000,med_folic_acid,2026-09-01,2026-09-06,2026-09-06,89.9,delivered
ord_fac_0000_med_artesunate_0000,fac_0000,med_artesunate,2026-03-17,2026-03-26,2026-03-26,146.7,delivered
ord_fac_0000_med_artesunate_0001,fac_0000,med_artesunate,2026-04-07,2026-04-14,2026-04-15,196.3,delivered
ord_fac_0000_med_artesunate_0002,fac_0000,med_artesunate,2026-04-28,2026-05-04,2026-05-04,206.5,delivered
ord_fac_0000_med_artesunate_0003,fac_0000,med_artesunate,2026-05-19,2026-05-29,2026-06-01,153.7,delayed
ord_fac_0000_med_artesunate_0004,fac_0000,med_artesunate,2026-06-09,2026-06-13,2026-06-13,178.1,delivered
ord_fac_0000_med_artesunate_0005,fac_0000,med_artesunate,2026-06-30,2026-07-08,2026-07-08,143.3,delivered
ord_fac_0000_med_artesunate_0006,fac_0000,med_artesunate,2026-07-21,2026-07-27,2026-07-27,209.6,delivered
ord_fac_0000_med_artesunate_0007,fac_0000,med_artesunate,2026-08-11,2026-08-20,2026-08-20,209.5,delivered
ord_fac_0000_med_artesunate_0008,fac_0000,med_artesunate,2026-09-01,2026-09-04,2026-09-04,204.0,delivered
ord_fac_0000_med_oxytocin_0000,fac_0000,med_oxytocin,2026-03-17,2026-03-25,2026-03-25,54.4,delivered
ord_fac_0000_med_oxytocin_0001,fac_0000,med_oxytocin,2026-04-07,2026-04-16,2026-04-15,59.3,delivered
ord_fac_0000_med_oxytocin_0002,fac_0000,med_oxytocin,2026-04-28,2026-05-01,2026-05-01,73.9,delivered
ord_fac_0000_med_oxytocin_0003,fac_0000,med_oxytocin,2026-05-19,2026-05-24,2026-05-24,57.4,delivered
ord_fac_0000_med_oxytocin_0004,fac_0000,med_oxytocin,2026-06-09,2026-06-17,2026-06-18,57.7,delivered
ord_fac_0000_med_oxytocin_0005,fac_0000,med_oxytocin,2026-06-30,2026-07-10,2026-07-10,56.2,delivered
ord_fac_0000_med_oxytocin_0006,fac_0000,med_oxytocin,2026-07-21,2026-07-27,2026-07-27,78.4,delivered
ord_fac_0000_med_oxytocin_0007,fac_0000,med_oxytocin,2026-08-11,2026-08-18,2026-08-18,79.7,delivered
ord_fac_0000_med_oxytocin_0008,fac_0000,med_oxytocin,2026-09-01,2026-09-09,2026-09-10,70.8,delivered
ord_fac_0000_med_ringer_s_lactate_0000,fac_0000,med_ringer_s_lactate,2026-03-17,2026-03-24,2026-03-24,185.8,delivered
ord_fac_0000_med_ringer_s_lactate_0001,fac_0000,med_ringer_s_lactate,2026-04-07,2026-04-17,2026-04-17,219.4,delivered
ord_fac_0000_med_ringer_s_lactate_0002,fac_0000,med_ringer_s_lactate,2026-04-28,2026-05-05,2026-05-05,217.6,delivered
ord_fac_0000_med_ringer_s_lactate_0003,fac_0000,med_ringer_s_lactate,2026-05-19,2026-05-25,2026-05-24,178.4,delivered
ord_fac_0000_med_ringer_s_lactate_0004,fac_0000,med_ringer_s_lactate,2026-06-09,2026-06-16,2026-06-15,210.7,delivered
ord_fac_0000_med_ringer_s_lactate_0005,fac_0000,med_ringer_s_lactate,2026-06-30,2026-07-06,2026-07-06,209.1,delivered
ord_fac_0000_med_ringer_s_lactate_0006,fac_0000,med_ringer_s_lactate,2026-07-21,2026-07-27,2026-08-03,231.9,delayed
ord_fac_0000_med_ringer_s_lactate_0007,fac_0000,med_ringer_s_lactate,2026-08-11,2026-08-18,2026-08-18,219.2,delivered
ord_fac_0000_med_ringer_s_lactate_0008,fac_0000,med_ringer_s_lactate,2026-09-01,2026-09-09,2026-09-09,199.1,delivered
ord_fac_0000_med_isoniazid_0000,fac_0000,med_isoniazid,2026-03-17,2026-03-24,2026-03-23,171.5,delivered
ord_fac_0000_med_isoniazid_0001,fac_0000,med_isoniazid,2026-04-07,2026-04-12,2026-04-12,188.6,delivered
ord_fac_0000_med_isoniazid_0002,fac_0000,med_isoniazid,2026-04-28,2026-05-07,2026-05-06,217.3,delivered
ord_fac_0000_med_isoniazid_0003,fac_0000,med_isoniazid,2026-05-19,2026-05-25,2026-05-25,186.5,delivered
ord_fac_0000_med_isoniazid_0004,fac_0000,med_isoniazid,2026-06-09,2026-06-17,2026-06-17,162.3,delivered
ord_fac_0000_med_isoniazid_0005,fac_0000,med_isoniazid,2026-06-30,2026-07-08,2026-07-07,198.2,delivered
ord_fac_0000_med_isoniazid_0006,fac_0000,med_isoniazid,2026-07-21,2026-07-28,2026-07-27,192.7,delivered
ord_fac_0000_med_isoniazid_0007,fac_0000,med_isoniazid,2026-08-11,2026-08-20,2026-08-24,173.8,delayed
ord_fac_0000_med_isoniazid_0008,fac_0000,med_isoniazid,2026-09-01,2026-09-08,2026-09-08,189.9,delivered
ord_fac_0001_med_amoxicillin_0000,fac_0001,med_amoxicillin,2026-03-17,2026-03-22,2026-03-22,575.2,delivered
ord_fac_0001_med_amoxicillin_0001,fac_0001,med_amoxicillin,2026-04-07,2026-04-16,2026-04-16,576.5,delivered
ord_fac_0001_med_amoxicillin_0002,fac_0001,med_amoxicillin,2026-04-28,2026-05-06,2026-05-07,457.6,delivered
ord_fac_0001_med_amoxicillin_0003,fac_0001,med_amoxicillin,2026-05-19,2026-05-25,2026-05-25,496.5,delivered
ord_fac_0001_med_amoxicillin_0004,fac_0001,med_amoxicillin,2026-06-09,2026-06-17,2026-06-17,410.0,delivered
ord_fac_0001_med_amoxicillin_0005,fac_0001,med_amoxicillin,2026-06-30,2026-07-05,2026-07-12,547.8,delayed
ord_fac_0001_med_amoxicillin_0006,fac_0001,med_amoxicillin,2026-07-21,2026-07-24,2026-07-24,470.9,delivered
ord_fac_0001_med_amoxicillin_0007,fac_0001,med_amoxicillin,2026-08-11,2026-08-16,2026-08-16,564.4,delivered
ord_fac_0001_med_amoxicillin_0008,fac_0001,med_amoxicillin,2026-09-01,2026-09-08,,554.7,in_transit
ord_fac_0001_med_paracetamol_0000,fac_0001,med_paracetamol,2026-03-17,2026-03-21,2026-03-21,428.6,delivered
ord_fac_0001_med_paracetamol_0001,fac_0001,med_paracetamol,2026-04-07,2026-04-14,2026-04-15,373.1,delivered
ord_fac_0001_med_paracetamol_0002,fac_0001,med_paracetamol,2026-04-28,2026-05-06,2026-05-06,363.2,delivered
ord_fac_0001_med_paracetamol_0003,fac_0001,med_paracetamol,2026-05-19,2026-05-26,2026-05-26,387.1,delivered
ord_fac_0001_med_paracetamol_0004,fac_0001,med_paracetamol,2026-06-09,2026-06-14,2026-06-13,487.7,delivered
ord_fac_0001_med_paracetamol_0005,fac_0001,med_paracetamol,2026-06-30,2026-07-05,2026-07-05,356.1,delivered
ord_fac_0001_med_paracetamol_0006,fac_0001,med_paracetamol,2026-07-21,2026-07-27,2026-07-28,424.3,delivered
ord_fac_0001_med_paracetamol_0007,fac_0001,med_paracetamol,2026-08-11,2026-08-19,2026-08-20,407.1,delivered
ord_fac_0001_med_paracetamol_0008,fac_0001,med_paracetamol,2026-09-01,2026-09-07,2026-09-07,432.7,delivered
ord_fac_0001_med_oral_rehydration_salts_0000,fac_0001,med_oral_rehydration_salts,2026-03-17,2026-03-25,2026-03-25,539.9,delivered
ord_fac_0001_med_oral_rehydration_salts_0001,fac_0001,med_oral_rehydration_salts,2026-04-07,2026-04-13,2026-04-12,579.7,delivered
ord_fac_0001_med_oral_rehydration_salts_0002,fac_0001,med_oral_rehydration_salts,2026-04-28,2026-05-01,2026-05-02,546.5,delivered
ord_fac_0001_med_oral_rehydration_salts_0003,fac_0001,med_oral_rehydration_salts,2026-05-19,2026-05-27,2026-05-26,553.7,delivered
ord_fac_0001_med_oral_rehydration_salts_0004,fac_0001,med_oral_rehydration_salts,2026-06-09,2026-06-14,2026-06-14,442.4,delivered
ord_fac_0001_med_oral_rehydration_salts_0005,fac_0001,med_oral_rehydration_salts,2026-06-30,2026-07-05,2026-07-06,512.8,delivered
ord_fac_0001_med_oral_rehydration_salts_0006,fac_0001,med_oral_rehydration_salts,2026-07-21,2026-07-30,2026-07-30,617.4,delivered
ord_fac_0001_med_oral_rehydration_salts_0007,fac_0001,med_oral_rehydration_salts,2026-08-11,2026-08-20,2026-08-20,511.5,delivered
ord_fac_0001_med_oral_rehydration_salts_0008,fac_0001,med_oral_rehydration_salts,2026-09-01,2026-09-06,2026-09-06,604.0,delivered
ord_fac_0001_med_insulin_0000,fac_0001,med_insulin,2026-03-17,2026-03-25,2026-03-25,231.7,delivered
ord_fac_0001_med_insulin_0001,fac_0001,med_insulin,2026-04-07,2026-04-14,2026-04-13,192.3,delivered
ord_fac_0001_med_insulin_0002,fac_0001,med_insulin,2026-04-28,2026-05-05,2026-05-05,260.7,delivered
ord_fac_0001_med_insulin_0003,fac_0001,med_insulin,2026-05-19,2026-05-23,2026-05-23,228.6,delivered
ord_fac_0001_med_insulin_0004,fac_0001,med_insulin,2026-06-09,2026-06-17,2026-06-18,246.4,delivered
ord_fac_0001_med_insulin_0005,fac_0001,med_insulin,2026-06-30,2026-07-06,2026-07-07,249.6,delivered
ord_fac_0001_med_insulin_0006,fac_0001,med_insulin,2026-07-21,2026-07-30,2026-07-30,250.6,delivered
ord_fac_0001_med_insulin_0007,fac_0001,med_insulin,2026-08-11,2026-08-16,2026-08-16,191.2,delivered
ord_fac_0001_med_insulin_0008,fac_0001,med_insulin,2026-09-01,2026-09-08,2026-09-08,218.5,delivered
ord_fac_0001_med_salbutamol_0000,fac_0001,med_salbutamol,2026-03-17,2026-03-21,2026-03-21,559.4,delivered
ord_fac_0001_med_salbutamol_0001,fac_0001,med_salbutamol,2026-04-07,2026-04-11,2026-04-11,402.8,delivered
ord_fac_0001_med_salbutamol_0002,fac_0001,med_salbutamol,2026-04-28,2026-05-02,2026-05-09,559.7,delayed
ord_fac_0001_med_salbutamol_0003,fac_0001,med_salbutamol,2026-05-19,2026-05-26,2026-05-26,463.8,delivered
ord_fac_0001_med_salbutamol_0004,fac_0001,med_salbutamol,2026-06-09,2026-06-17,2026-06-17,409.2,delivered
ord_fac_0001_med_salbutamol_0005,fac_0001,med_salbutamol,2026-06-30,2026-07-06,2026-07-09,430.2,delayed
ord_fac_0001_med_salbutamol_0006,fac_0001,med_salbutamol,2026-07-21,2026-07-30,2026-08-08,431.4,delayed
ord_fac_0001_med_salbutamol_0007,fac_0001,med_salbutamol,2026-08-11,2026-08-19,2026-08-19,432.7,delivered
ord_fac_0001_med_salbutamol_0008,fac_0001,med_salbutamol,2026-09-01,2026-09-06,2026-09-06,516.5,delivered
ord_fac_0001_med_ciprofloxacin_0000,fac_0001,med_ciprofloxacin,2026-03-17,2026-03-23,2026-03-23,335.7,delivered
ord_fac_0001_med_ciprofloxacin_0001,fac_0001,med_ciprofloxacin,2026-04-07,2026-04-17,2026-04-17,293.8,delivered
ord_fac_0001_med_ciprofloxacin_0002,fac_0001,med_ciprofloxacin,2026-04-28,2026-05-03,2026-05-03,295.4,delivered
ord_fac_0001_med_ciprofloxacin_0003,fac_0001,med_ciprofloxacin,2026-05-19,2026-05-25,2026-05-25,348.6,delivered
ord_fac_0001_med_ciprofloxacin_0004,fac_0001,med_ciprofloxacin,2026-06-09,2026-06-20,2026-06-21,363.6,delivered
ord_fac_0001_med_ciprofloxacin_0005,fac_0001,med_ciprofloxacin,2026-06-30,2026-07-08,2026-07-17,350.5,delayed
ord_fac_0001_med_ciprofloxacin_0006,fac_0001,med_ciprofloxacin,2026-07-21,2026-07-30,2026-07-30,370.2,delivered
ord_fac_0001_med_ciprofloxacin_0007,fac_0001,med_ciprofloxacin,2026-08-11,2026-08-20,2026-08-20,289.2,delivered
ord_fac_0001_med_ciprofloxacin_0008,fac_0001,med_ciprofloxacin,2026-09-01,2026-09-10,2026-09-10,360.4,delivered
ord_fac_0001_med_diazepam_0000,fac_0001,med_diazepam,2026-03-17,2026-03-27,2026-03-27,375.0,delivered
ord_fac_0001_med_diazepam_0001,fac_0001,med_diazepam,2026-04-07,2026-04-13,2026-04-13,321.8,delivered
ord_fac_0001_med_diazepam_0002,fac_0001,med_diazepam,2026-04-28,2026-05-01,2026-05-01,315.5,delivered
ord_fac_0001_med_diazepam_0003,fac_0001,med_diazepam,2026-05-19,2026-05-27,2026-05-27,347.5,delivered
ord_fac_0001_med_diazepam_0004,fac_0001,med_diazepam,2026-06-09,2026-06-16,2026-06-16,309.4,delivered
ord_fac_0001_med_diazepam_0005,fac_0001,med_diazepam,2026-06-30,2026-07-10,2026-07-10,374.9,delivered
ord_fac_0001_med_diazepam_0006,fac_0001,med_diazepam,2026-07-21,2026-07-31,2026-07-30,271.9,delivered
ord_fac_0001_med_diazepam_0007,fac_0001,med_diazepam,2026-08-11,2026-08-21,2026-08-22,332.5,delivered
ord_fac_0001_med_diazepam_0008,fac_0001,med_diazepam,2026-09-01,2026-09-07,2026-09-07,299.0,delivered
ord_fac_0001_med_folic_acid_0000,fac_0001,med_folic_acid,2026-03-17,2026-03-25,2026-03-25,455.5,delivered
ord_fac_0001_med_folic_acid_0001,fac_0001,med_folic_acid,2026-04-07,2026-04-13,2026-04-13,559.9,delivered
ord_fac_0001_med_folic_acid_0002,fac_0001,med_folic_acid,2026-04-28,2026-05-02,2026-05-02,419.2,delivered
ord_fac_0001_med_folic_acid_0003,fac_0001,med_folic_acid,2026-05-19,2026-05-28,2026-06-07,468.6,delayed
ord_fac_0001_med_folic_acid_0004,fac_0001,med_folic_acid,2026-06-09,2026-06-15,2026-06-16,560.8,delivered
ord_fac_0001_med_folic_acid_0005,fac_0001,med_folic_acid,2026-06-30,2026-07-05,2026-07-05,416.2,delivered
ord_fac_0001_med_folic_acid_0006,fac_0001,med_folic_acid,2026-07-21,2026-07-24,2026-07-24,543.8,delivered
ord_fac_0001_med_folic_acid_0007,fac_0001,med_folic_acid,2026-08-11,2026-08-19,2026-08-19,451.8,delivered
ord_fac_0001_med_folic_acid_0008,fac_0001,med_folic_acid,2026-09-01,2026-09-08,,505.9,in_transit
ord_fac_0001_med_artesunate_0000,fac_0001,med_artesunate,2026-03-17,2026-03-21,2026-03-21,259.0,delivered
ord_fac_0001_med_artesunate_0001,fac_0001,med_artesunate,2026-04-07,2026-04-14,2026-04-14,207.4,delivered
ord_fac_0001_med_artesunate_0002,fac_0001,med_artesunate,2026-04-28,2026-05-05,2026-05-05,207.8,delivered
ord_fac_0001_med_artesunate_0003,fac_0001,med_artesunate,2026-05-19,2026-05-25,2026-05-25,242.0,delivered
ord_fac_0001_med_artesunate_0004,fac_0001,med_artesunate,2026-06-09,2026-06-15,2026-06-14,196.4,delivered
ord_fac_0001_med_artesunate_0005,fac_0001,med_artesunate,2026-06-30,2026-07-05,2026-07-06,194.4,delivered
ord_fac_0001_med_artesunate_0006,fac_0001,med_artesunate,2026-07-21,2026-07-30,2026-08-02,189.6,delayed
ord_fac_0001_med_artesunate_0007,fac_0001,med_artesunate,2026-08-11,2026-08-19,2026-08-19,220.6,delivered
ord_fac_0001_med_artesunate_0008,fac_0001,med_artesunate,2026-09-01,2026-09-05,2026-09-05,198.6,delivered
ord_fac_0001_med_oxytocin_0000,fac_0001,med_oxytocin,2026-03-17,2026-03-25,2026-03-24,257.2,delivered
ord_fac_0001_med_oxytocin_0001,fac_0001,med_oxytocin,2026-04-07,2026-04-12,2026-04-11,322.0,delivered
ord_fac_0001_med_oxytocin_0002,fac_0001,med_oxytocin,2026-04-28,2026-05-07,2026-05-06,355.2,delivered
ord_fac_0001_med_oxytocin_0003,fac_0001,med_oxytocin,2026-05-19,2026-05-29,2026-05-28,240.2,delivered
ord_fac_0001_med_oxytocin_0004,fac_0001,med_oxytocin,2026-06-09,2026-06-12,2026-06-12,329.3,delivered
ord_fac_0001_med_oxytocin_0005,fac_0001,med_oxytocin,2026-06-30,2026-07-07,2026-07-06,303.1,delivered
ord_fac_0001_med_oxytocin_0006,fac_0001,med_oxytocin,2026-07-21,2026-07-26,2026-07-27,281.3,delivered
ord_fac_0001_med_oxytocin_0007,fac_0001,med_oxytocin,2026-08-11,2026-08-14,2026-08-14,278.9,delivered
ord_fac_0001_med_oxytocin_0008,fac_0001,med_oxytocin,2026-09-01,2026-09-07,2026-09-07,285.6,delivered
ord_fac_0001_med_ringer_s_lactate_0000,fac_0001,med_ringer_s_lactate,2026-03-17,2026-03-26,2026-03-26,188.5,delivered
ord_fac_0001_med_ringer_s_lactate_0001,fac_0001,med_ringer_s_lactate,2026-04-07,2026-04-12,2026-04-11,146.5,delivered
ord_fac_0001_med_ringer_s_lactate_0002,fac_0001,med_ringer_s_lactate,2026-04-28,2026-05-06,2026-05-06,131.9,delivered
ord_fac_0001_med_ringer_s_lactate_0003,fac_0001,med_ringer_s_lactate,2026-05-19,2026-05-22,2026-05-23,135.2,delivered
ord_fac_0001_med_ringer_s_lactate_0004,fac_0001,med_ringer_s_lactate,2026-06-09,2026-06-15,2026-06-16,179.1,delivered
ord_fac_0001_med_ringer_s_lactate_0005,fac_0001,med_ringer_s_lactate,2026-06-30,2026-07-05,2026-07-05,184.6,delivered
ord_fac_0001_med_ringer_s_lactate_0006,fac_0001,med_ringer_s_lactate,2026-07-21,2026-07-28,2026-07-28,166.7,delivered
ord_fac_0001_med_ringer_s_lactate_0007,fac_0001,med_ringer_s_lactate,2026-08-11,2026-08-15,2026-08-15,177.9,delivered
ord_fac_0001_med_ringer_s_lactate_0008,fac_0001,med_ringer_s_lactate,2026-09-01,2026-09-05,2026-09-06,173.2,delivered
ord_fac_0001_med_isoniazid_0000,fac_0001,med_isoniazid,2026-03-17,2026-03-25,2026-03-25,317.6,delivered
ord_fac_0001_med_isoniazid_0001,fac_0001,med_isoniazid,2026-04-07,2026-04-16,2026-04-16,236.4,delivered
ord_fac_0001_med_isoniazid_0002,fac_0001,med_isoniazid,2026-04-28,2026-05-07,2026-05-07,276.3,delivered
ord_fac_0001_med_isoniazid_0003,fac_0001,med_isoniazid,2026-05-19,2026-05-28,2026-06-07,318.6,delayed
ord_fac_0001_med_isoniazid_0004,fac_0001,med_isoniazid,2026-06-09,2026-06-15,2026-06-15,267.3,delivered
ord_fac_0001_med_isoniazid_0005,fac_0001,med_isoniazid,2026-06-30,2026-07-06,2026-07-06,255.0,delivered
ord_fac_0001_med_isoniazid_0006,fac_0001,med_isoniazid,2026-07-21,2026-07-27,2026-07-27,292.2,delivered
ord_fac_0001_med_isoniazid_0007,fac_0001,med_isoniazid,2026-08-11,2026-08-16,2026-08-17,331.3,delivered
ord_fac_0001_med_isoniazid_0008,fac_0001,med_isoniazid,2026-09-01,2026-09-06,2026-09-07,235.8,delivered
ord_fac_0002_med_amoxicillin_0000,fac_0002,med_amoxicillin,2026-03-17,2026-03-23,2026-03-23,212.3,delivered
ord_fac_0002_med_amoxicillin_0001,fac_0002,med_amoxicillin,2026-04-07,2026-04-14,2026-04-13,169.8,delivered
ord_fac_0002_med_amoxicillin_0002,fac_0002,med_amoxicillin,2026-04-28,2026-05-07,2026-05-07,181.3,delivered
ord_fac_0002_med_amoxicillin_0003,fac_0002,med_amoxicillin,2026-05-19,2026-05-27,2026-05-28,205.0,delivered
ord_fac_0002_med_amoxicillin_0004,fac_0002,med_amoxicillin,2026-06-09,2026-06-14,2026-06-13,229.1,delivered
ord_fac_0002_med_amoxicillin_0005,fac_0002,med_amoxicillin,2026-06-30,2026-07-07,2026-07-07,178.5,delivered
ord_fac_0002_med_amoxicillin_0006,fac_0002,med_amoxicillin,2026-07-21,2026-07-27,2026-07-28,209.5,delivered
ord_fac_0002_med_amoxicillin_0007,fac_0002,med_amoxicillin,2026-08-11,2026-08-16,2026-08-17,166.2,delivered
ord_fac_0002_med_amoxicillin_0008,fac_0002,med_amoxicillin,2026-09-01,2026-09-08,2026-09-08,183.2,delivered
ord_fac_0002_med_paracetamol_0000,fac_0002,med_paracetamol,2026-03-17,2026-03-22,2026-03-22,119.8,delivered
ord_fac_0002_med_paracetamol_0001,fac_0002,med_paracetamol,2026-04-07,2026-04-14,2026-04-14,128.0,delivered
ord_fac_0002_med_paracetamol_0002,fac_0002,med_paracetamol,2026-04-28,2026-05-06,2026-05-06,154.6,delivered
ord_fac_0002_med_paracetamol_0003,fac_0002,med_paracetamol,2026-05-19,2026-05-23,2026-05-22,138.2,delivered
ord_fac_0002_med_paracetamol_0004,fac_0002,med_paracetamol,2026-06-09,2026-06-14,2026-06-14,147.0,delivered
ord_fac_0002_med_paracetamol_0005,fac_0002,med_paracetamol,2026-06-30,2026-07-08,2026-07-08,144.2,delivered
ord_fac_0002_med_paracetamol_0006,fac_0002,med_paracetamol,2026-07-21,2026-07-27,2026-07-27,165.3,delivered
ord_fac_0002_med_paracetamol_0007,fac_0002,med_paracetamol,2026-08-11,2026-08-17,2026-08-19,143.8,delayed
ord_fac_0002_med_paracetamol_0008,fac_0002,med_paracetamol,2026-09-01,2026-09-03,2026-09-04,155.8,delivered
ord_fac_0002_med_oral_rehydration_salts_0000,fac_0002,med_oral_rehydration_salts,2026-03-17,2026-03-24,2026-03-24,165.1,delivered
ord_fac_0002_med_oral_rehydration_salts_0001,fac_0002,med_oral_rehydration_salts,2026-04-07,2026-04-15,2026-04-15,154.2,delivered
ord_fac_0002_med_oral_rehydration_salts_0002,fac_0002,med_oral_rehydration_salts,2026-04-28,2026-05-05,2026-05-09,132.7,delayed
ord_fac_0002_med_oral_rehydration_salts_0003,fac_0002,med_oral_rehydration_salts,2026-05-19,2026-05-24,2026-05-24,138.6,delivered
ord_fac_0002_med_oral_rehydration_salts_0004,fac_0002,med_oral_rehydration_salts,2026-06-09,2026-06-15,2026-06-15,155.3,delivered
ord_fac_0002_med_oral_rehydration_salts_0005,fac_0002,med_oral_rehydration_salts,2026-06-30,2026-07-07,2026-07-07,125.3,delivered
ord_fac_0002_med_oral_rehydration_salts_0006,fac_0002,med_oral_rehydration_salts,2026-07-21,2026-07-30,2026-07-30,120.3,delivered
ord_fac_0002_med_oral_rehydration_salts_0007,fac_0002,med_oral_rehydration_salts,2026-08-11,2026-08-16,2026-08-16,140.2,delivered
ord_fac_0002_med_oral_rehydration_salts_0008,fac_0002,med_oral_rehydration_salts,2026-09-01,2026-09-07,2026-09-08,123.8,delivered
ord_fac_0002_med_insulin_0000,fac_0002,med_insulin,2026-03-17,2026-03-27,2026-04-01,176.6,delayed
ord_fac_0002_med_insulin_0001,fac_0002,med_insulin,2026-04-07,2026-04-17,2026-04-22,157.0,delayed
ord_fac_0002_med_insulin_0002,fac_0002,med_insulin,2026-04-28,2026-05-07,2026-05-15,156.4,delayed
ord_fac_0002_med_insulin_0003,fac_0002,med_insulin,2026-05-19,2026-05-25,2026-06-04,150.5,delayed
ord_fac_0002_med_insulin_0004,fac_0002,med_insulin,2026-06-09,2026-06-19,2026-06-27,197.8,delayed
ord_fac_0002_med_insulin_0005,fac_0002,med_insulin,2026-06-30,2026-07-11,2026-07-18,133.7,delayed
ord_fac_0002_med_insulin_0006,fac_0002,med_insulin,2026-07-21,2026-07-30,2026-08-05,187.9,delayed
ord_fac_0002_med_insulin_0007,fac_0002,med_insulin,2026-08-11,2026-08-21,2026-08-31,142.4,delayed
ord_fac_0002_med_insulin_0008,fac_0002,med_insulin,2026-09-01,2026-09-10,,138.4,in_transit
ord_fac_0002_med_salbutamol_0000,fac_0002,med_salbutamol,2026-03-17,2026-03-23,2026-03-24,165.3,delivered
ord_fac_0002_med_salbutamol_0001,fac_0002,med_salbutamol,2026-04-07,2026-04-13,2026-04-13,191.0,delivered
ord_fac_0002_med_salbutamol_0002,fac_0002,med_salbutamol,2026-04-28,2026-05-05,2026-05-06,133.8,delivered
ord_fac_0002_med_salbutamol_0003,fac_0002,med_salbutamol,2026-05-19,2026-05-23,2026-05-24,148.1,delivered
ord_fac_0002_med_salbutamol_0004,fac_0002,med_salbutamol,2026-06-09,2026-06-20,2026-06-20,165.3,delivered
ord_fac_0002_med_salbutamol_0005,fac_0002,med_salbutamol,2026-06-30,2026-07-10,2026-07-10,134.1,delivered
ord_fac_0002_med_salbutamol_0006,fac_0002,med_salbutamol,2026-07-21,2026-07-28,2026-07-28,143.3,delivered
ord_fac_0002_med_salbutamol_0007,fac_0002,med_salbutamol,2026-08-11,2026-08-21,2026-08-21,170.7,delivered
ord_fac_0002_med_salbutamol_0008,fac_0002,med_salbutamol,2026-09-01,2026-09-08,2026-09-08,189.3,delivered
ord_fac_0002_med_ciprofloxacin_0000,fac_0002,med_ciprofloxacin,2026-03-17,2026-03-21,2026-03-21,91.1,delivered
ord_fac_0002_med_ciprofloxacin_0001,fac_0002,med_ciprofloxacin,2026-04-07,2026-04-14,2026-04-19,88.4,delayed
ord_fac_0002_med_ciprofloxacin_0002,fac_0002,med_ciprofloxacin,2026-04-28,2026-05-05,2026-05-05,80.5,delivered
ord_fac_0002_med_ciprofloxacin_0003,fac_0002,med_ciprofloxacin,2026-05-19,2026-05-27,2026-05-26,81.5,delivered
ord_fac_0002_med_ciprofloxacin_0004,fac_0002,med_ciprofloxacin,2026-06-09,2026-06-16,2026-06-15,91.5,delivered
ord_fac_0002_med_ciprofloxacin_0005,fac_0002,med_ciprofloxacin,2026-06-30,2026-07-05,2026-07-05,102.9,delivered
ord_fac_0002_med_ciprofloxacin_0006,fac_0002,med_ciprofloxacin,2026-07-21,2026-07-31,2026-07-31,92.4,delivered
ord_fac_0002_med_ciprofloxacin_0007,fac_0002,med_ciprofloxacin,2026-08-11,2026-08-19,2026-08-19,92.8,delivered
ord_fac_0002_med_ciprofloxacin_0008,fac_0002,med_ciprofloxacin,2026-09-01,2026-09-06,2026-09-07,91.9,delivered
ord_fac_0002_med_diazepam_0000,fac_0002,med_diazepam,2026-03-17,2026-03-25,2026-03-26,182.3,delivered
ord_fac_0002_med_diazepam_0001,fac_0002,med_diazepam,2026-04-07,2026-04-14,2026-04-14,185.7,delivered
ord_fac_0002_med_diazepam_0002,fac_0002,med_diazepam,2026-04-28,2026-05-07,2026-05-07,190.6,delivered
ord_fac_0002_med_diazepam_0003,fac_0002,med_diazepam,2026-05-19,2026-05-23,2026-05-23,168.4,delivered
ord_fac_0002_med_diazepam_0004,fac_0002,med_diazepam,2026-06-09,2026-06-16,2026-06-15,154.2,delivered
ord_fac_0002_med_diazepam_0005,fac_0002,med_diazepam,2026-06-30,2026-07-09,2026-07-09,153.6,delivered
ord_fac_0002_med_diazepam_0006,fac_0002,med_diazepam,2026-07-21,2026-07-29,2026-07-29,170.7,delivered
ord_fac_0002_med_diazepam_0007,fac_0002,med_diazepam,2026-08-11,2026-08-18,2026-08-18,206.4,delivered
ord_fac_0002_med_diazepam_0008,fac_0002,med_diazepam,2026-09-01,2026-09-06,2026-09-06,185.2,delivered
ord_fac_0002_med_folic_acid_0000,fac_0002,med_folic_acid,2026-03-17,2026-03-24,2026-03-24,191.1,delivered
ord_fac_0002_med_folic_acid_0001,fac_0002,med_folic_acid,2026-04-07,2026-04-14,2026-04-14,151.4,delivered
ord_fac_0002_med_folic_acid_0002,fac_0002,med_folic_acid,2026-04-28,2026-05-06,2026-05-06,156.7,delivered
ord_fac_0002_med_folic_acid_0003,fac_0002,med_folic_acid,2026-05-19,2026-05-28,2026-05-28,200.1,delivered
ord_fac_0002_med_folic_acid_0004,fac_0002,med_folic_acid,2026-06-09,2026-06-17,2026-06-23,188.8,delayed
ord_fac_0002_med_folic_acid_0005,fac_0002,med_folic_acid,2026-06-30,2026-07-07,2026-07-12,143.8,delayed
ord_fac_0002_med_folic_acid_0006,fac_0002,med_folic_acid,2026-07-21,2026-07-28,2026-07-29,171.7,delivered
ord_fac_0002_med_folic_acid_0007,fac_0002,med_folic_acid,2026-08-11,2026-08-16,2026-08-16,189.7,delivered
ord_fac_0002_med_folic_acid_0008,fac_0002,med_folic_acid,2026-09-01,2026-09-08,2026-09-08,187.7,delivered
ord_fac_0002_med_artesunate_0000,fac_0002,med_artesunate,2026-03-17,2026-03-19,2026-03-20,177.5,delivered
ord_fac_0002_med_artesunate_0001,fac_0002,med_artesunate,2026-04-07,2026-04-16,2026-04-16,150.5,delivered
ord_fac_0002_med_artesunate_0002,fac_0002,med_artesunate,2026-04-28,2026-05-04,2026-05-11,184.0,delayed
ord_fac_0002_med_artesunate_0003,fac_0002,med_artesunate,2026-05-19,2026-05-25,2026-05-25,189.2,delivered
ord_fac_0002_med_artesunate_0004,fac_0002,med_artesunate,2026-06-09,2026-06-15,2026-06-23,200.9,delayed
ord_fac_0002_med_artesunate_0005,fac_0002,med_artesunate,2026-06-30,2026-07-04,2026-07-04,170.9,delivered
ord_fac_0002_med_artesunate_0006,fac_0002,med_artesunate,2026-07-21,2026-07-28,2026-07-28,182.5,delivered
ord_fac_0002_med_artesunate_0007,fac_0002,med_artesunate,2026-08-11,2026-08-18,2026-08-19,216.2,delivered
ord_fac_0002_med_artesunate_0008,fac_0002,med_artesunate,2026-09-01,2026-09-09,,154.2,in_transit
ord_fac_0002_med_oxytocin_0000,fac_0002,med_oxytocin,2026-03-17,2026-03-24,2026-03-24,198.6,delivered
ord_fac_0002_med_oxytocin_0001,fac_0002,med_oxytocin,2026-04-07,2026-04-12,2026-04-12,167.4,delivered
ord_fac_0002_med_oxytocin_0002,fac_0002,med_oxytocin,2026-04-28,2026-05-03,2026-05-03,207.9,delivered
ord_fac_0002_med_oxytocin_0003,fac_0002,med_oxytocin,2026-05-19,2026-05-27,2026-05-27,203.6,delivered
ord_fac_0002_med_oxytocin_0004,fac_0002,med_oxytocin,2026-06-09,2026-06-17,2026-06-18,176.6,delivered
ord_fac_0002_med_oxytocin_0005,fac_0002,med_oxytocin,2026-06-30,2026-07-05,2026-07-05,174.1,delivered
ord_fac_0002_med_oxytocin_0006,fac_0002,med_oxytocin,2026-07-21,2026-07-30,2026-07-30,165.0,delivered
ord_fac_0002_med_oxytocin_0007,fac_0002,med_oxytocin,2026-08-11,2026-08-14,2026-08-14,152.5,delivered
ord_fac_0002_med_oxytocin_0008,fac_0002,med_oxytocin,2026-09-01,2026-09-08,2026-09-09,174.8,delivered
ord_fac_0002_med_ringer_s_lactate_0000,fac_0002,med_ringer_s_lactate,2026-03-17,2026-03-26,2026-04-03,144.9,delayed
ord_fac_0002_med_ringer_s_lactate_0001,fac_0002,med_ringer_s_lactate,2026-04-07,2026-04-10,2026-04-10,164.7,delivered
ord_fac_0002_med_ringer_s_lactate_0002,fac_0002,med_ringer_s_lactate,2026-04-28,2026-05-08,2026-05-08,151.5,delivered
ord_fac_0002_med_ringer_s_lactate_0003,fac_0002,med_ringer_s_lactate,2026-05-19,2026-05-26,2026-05-26,167.2,delivered
ord_fac_0002_med_ringer_s_lactate_0004,fac_0002,med_ringer_s_lactate,2026-06-09,2026-06-20,2026-06-20,136.6,delivered
ord_fac_0002_med_ringer_s_lactate_0005,fac_0002,med_ringer_s_lactate,2026-06-30,2026-07-08,2026-07-08,140.2,delivered
ord_fac_0002_med_ringer_s_lactate_0006,fac_0002,med_ringer_s_lactate,2026-07-21,2026-07-29,2026-08-05,145.1,delayed
ord_fac_0002_med_ringer_s_lactate_0007,fac_0002,med_ringer_s_lactate,2026-08-11,2026-08-20,2026-08-20,127.1,delivered
ord_fac_0002_med_ringer_s_lactate_0008,fac_0002,med_ringer_s_lactate,2026-09-01,2026-09-06,2026-09-07,160.9,delivered
ord_fac_0002_med_isoniazid_0000,fac_0002,med_isoniazid,2026-03-17,2026-03-22,2026-03-22,186.9,delivered
ord_fac_0002_med_isoniazid_0001,fac_0002,med_isoniazid,2026-04-07,2026-04-16,2026-04-15,189.3,delivered
ord_fac_0002_med_isoniazid_0002,fac_0002,med_isoniazid,2026-04-28,2026-05-05,2026-05-05,229.3,delivered
ord_fac_0002_med_isoniazid_0003,fac_0002,med_isoniazid,2026-05-19,2026-05-24,2026-06-03,228.4,delayed
ord_fac_0002_med_isoniazid_0004,fac_0002,med_isoniazid,2026-06-09,2026-06-12,2026-06-12,159.6,delivered
ord_fac_0002_med_isoniazid_0005,fac_0002,med_isoniazid,2026-06-30,2026-07-07,2026-07-11,217.4,delayed
ord_fac_0002_med_isoniazid_0006,fac_0002,med_isoniazid,2026-07-21,2026-07-28,2026-07-28,228.9,delivered
ord_fac_0002_med_isoniazid_0007,fac_0002,med_isoniazid,2026-08-11,2026-08-18,2026-08-24,160.6,delayed
ord_fac_0002_med_isoniazid_0008,fac_0002,med_isoniazid,2026-09-01,2026-09-12,2026-09-12,217.5,delivered
ord_fac_0003_med_amoxicillin_0000,fac_0003,med_amoxicillin,2026-03-17,2026-03-22,2026-03-22,825.8,delivered
ord_fac_0003_med_amoxicillin_0001,fac_0003,med_amoxicillin,2026-04-07,2026-04-18,2026-04-18,982.0,delivered
ord_fac_0003_med_amoxicillin_0002,fac_0003,med_amoxicillin,2026-04-28,2026-05-04,2026-05-04,799.2,delivered
ord_fac_0003_med_amoxicillin_0003,fac_0003,med_amoxicillin,2026-05-19,2026-05-23,2026-05-23,758.8,delivered
ord_fac_0003_med_amoxicillin_0004,fac_0003,med_amoxicillin,2026-06-09,2026-06-18,2026-06-18,782.9,delivered
ord_fac_0003_med_amoxicillin_0005,fac_0003,med_amoxicillin,2026-06-30,2026-07-06,2026-07-07,789.3,delivered
ord_fac_0003_med_amoxicillin_0006,fac_0003,med_amoxicillin,2026-07-21,2026-07-29,2026-07-28,714.8,delivered
ord_fac_0003_med_amoxicillin_0007,fac_0003,med_amoxicillin,2026-08-11,2026-08-15,2026-08-15,975.6,delivered
ord_fac_0003_med_amoxicillin_0008,fac_0003,med_amoxicillin,2026-09-01,2026-09-09,2026-09-09,980.1,delivered
ord_fac_0003_med_paracetamol_0000,fac_0003,med_paracetamol,2026-03-17,2026-03-24,2026-03-24,831.3,delivered
ord_fac_0003_med_paracetamol_0001,fac_0003,med_paracetamol,2026-04-07,2026-04-11,2026-04-11,873.1,delivered
ord_fac_0003_med_paracetamol_0002,fac_0003,med_paracetamol,2026-04-28,2026-05-06,2026-05-06,940.7,delivered
ord_fac_0003_med_paracetamol_0003,fac_0003,med_paracetamol,2026-05-19,2026-05-25,2026-05-25,1166.5,delivered
ord_fac_0003_med_paracetamol_0004,fac_0003,med_paracetamol,2026-06-09,2026-06-16,2026-06-16,817.6,delivered
ord_fac_0003_med_paracetamol_0005,fac_0003,med_paracetamol,2026-06-30,2026-07-09,2026-07-09,1111.4,delivered
ord_fac_0003_med_paracetamol_0006,fac_0003,med_paracetamol,2026-07-21,2026-07-27,2026-07-27,929.3,delivered
ord_fac_0003_med_paracetamol_0007,fac_0003,med_paracetamol,2026-08-11,2026-08-19,2026-08-22,1160.5,delayed
ord_fac_0003_med_paracetamol_0008,fac_0003,med_paracetamol,2026-09-01,2026-09-07,2026-09-07,1124.4,delivered
ord_fac_0003_med_oral_rehydration_salts_0000,fac_0003,med_oral_rehydration_salts,2026-03-17,2026-03-22,2026-03-22,620.9,delivered
ord_fac_0003_med_oral_rehydration_salts_0001,fac_0003,med_oral_rehydration_salts,2026-04-07,2026-04-17,2026-04-17,776.3,delivered
ord_fac_0003_med_oral_rehydration_salts_0002,fac_0003,med_oral_rehydration_salts,2026-04-28,2026-05-04,2026-05-04,713.8,delivered
ord_fac_0003_med_oral_rehydration_salts_0003,fac_0003,med_oral_rehydration_salts,2026-05-19,2026-05-27,2026-06-05,786.3,delayed
ord_fac_0003_med_oral_rehydration_salts_0004,fac_0003,med_oral_rehydration_salts,2026-06-09,2026-06-15,2026-06-15,626.7,delivered
ord_fac_0003_med_oral_rehydration_salts_0005,fac_0003,med_oral_rehydration_salts,2026-06-30,2026-07-09,2026-07-09,561.0,delivered
ord_fac_0003_med_oral_rehydration_salts_0006,fac_0003,med_oral_rehydration_salts,2026-07-21,2026-07-28,2026-07-28,540.8,delivered
ord_fac_0003_med_oral_rehydration_salts_0007,fac_0003,med_oral_rehydration_salts,2026-08-11,2026-08-18,2026-08-22,574.4,delayed
ord_fac_0003_med_oral_rehydration_salts_0008,fac_0003,med_oral_rehydration_salts,2026-09-01,2026-09-07,2026-09-08,778.4,delivered
ord_fac_0003_med_insulin_0000,fac_0003,med_insulin,2026-03-17,2026-03-22,2026-03-22,1191.8,delivered
ord_fac_0003_med_insulin_0001,fac_0003,med_insulin,2026-04-07,2026-04-14,2026-04-14,1037.7,delivered
ord_fac_0003_med_insulin_0002,fac_0003,med_insulin,2026-04-28,2026-05-06,2026-05-05,1136.7,delivered
ord_fac_0003_med_insulin_0003,fac_0003,med_insulin,2026-05-19,2026-05-24,2026-05-23,989.8,delivered
ord_fac_0003_med_insulin_0004,fac_0003,med_insulin,2026-06-09,2026-06-17,2026-06-25,957.8,delayed
ord_fac_0003_med_insulin_0005,fac_0003,med_insulin,2026-06-30,2026-07-08,2026-07-13,959.5,delayed
ord_fac_0003_med_insulin_0006,fac_0003,med_insulin,2026-07-21,2026-07-29,2026-07-28,1040.5,delivered
ord_fac_0003_med_insulin_0007,fac_0003,med_insulin,2026-08-11,2026-08-19,2026-08-19,1114.9,delivered
ord_fac_0003_med_insulin_0008,fac_0003,med_insulin,2026-09-01,2026-09-06,2026-09-06,1032.1,delivered
ord_fac_0003_med_salbutamol_0000,fac_0003,med_salbutamol,2026-03-17,2026-03-23,2026-03-23,610.0,delivered
ord_fac_0003_med_salbutamol_0001,fac_0003,med_salbutamol,2026-04-07,2026-04-12,2026-04-11,604.8,delivered
ord_fac_0003_med_salbutamol_0002,fac_0003,med_salbutamol,2026-04-28,2026-05-06,2026-05-06,511.1,delivered
ord_fac_0003_med_salbutamol_0003,fac_0003,med_salbutamol,2026-05-19,2026-05-24,2026-05-23,507.8,delivered
ord_fac_0003_med_salbutamol_0004,fac_0003,med_salbutamol,2026-06-09,2026-06-14,2026-06-14,519.1,delivered
ord_fac_0003_med_salbutamol_0005,fac_0003,med_salbutamol,2026-06-30,2026-07-08,2026-07-08,511.5,delivered
ord_fac_0003_med_salbutamol_0006,fac_0003,med_salbutamol,2026-07-21,2026-07-28,2026-07-28,572.8,delivered
ord_fac_0003_med_salbutamol_0007,fac_0003,med_salbutamol,2026-08-11,2026-08-18,2026-08-18,566.8,delivered
ord_fac_0003_med_salbutamol_0008,fac_0003,med_salbutamol,2026-09-01,2026-09-07,,680.6,in_transit
ord_fac_0003_med_ciprofloxacin_0000,fac_0003,med_ciprofloxacin,2026-03-17,2026-03-20,2026-03-19,548.6,delivered
ord_fac_0003_med_ciprofloxacin_0001,fac_0003,med_ciprofloxacin,2026-04-07,2026-04-15,2026-04-15,630.4,delivered
ord_fac_0003_med_ciprofloxacin_0002,fac_0003,med_ciprofloxacin,2026-04-28,2026-05-03,2026-05-03,589.4,delivered
ord_fac_0003_med_ciprofloxacin_0003,fac_0003,med_ciprofloxacin,2026-05-19,2026-05-26,2026-05-27,640.3,delivered
ord_fac_0003_med_ciprofloxacin_0004,fac_0003,med_ciprofloxacin,2026-06-09,2026-06-15,2026-06-14,521.5,delivered
ord_fac_0003_med_ciprofloxacin_0005,fac_0003,med_ciprofloxacin,2026-06-30,2026-07-07,2026-07-15,599.7,delayed
ord_fac_0003_med_ciprofloxacin_0006,fac_0003,med_ciprofloxacin,2026-07-21,2026-07-28,2026-07-28,443.7,delivered
ord_fac_0003_med_ciprofloxacin_0007,fac_0003,med_ciprofloxacin,2026-08-11,2026-08-16,2026-08-16,467.1,delivered
ord_fac_0003_med_ciprofloxacin_0008,fac_0003,med_ciprofloxacin,2026-09-01,2026-09-10,2026-09-09,529.4,delivered
ord_fac_0003_med_diazepam_0000,fac_0003,med_diazepam,2026-03-17,2026-03-23,2026-03-23,831.2,delivered
ord_fac_0003_med_diazepam_0001,fac_0003,med_diazepam,2026-04-07,2026-04-11,2026-04-11,1104.3,delivered
ord_fac_0003_med_diazepam_0002,fac_0003,med_diazepam,2026-04-28,2026-05-05,2026-05-06,1240.2,delivered
ord_fac_0003_med_diazepam_0003,fac_0003,med_diazepam,2026-05-19,2026-05-23,2026-05-23,1040.9,delivered
ord_fac_0003_med_diazepam_0004,fac_0003,med_diazepam,2026-06-09,2026-06-11,2026-06-11,954.7,delivered
ord_fac_0003_med_diazepam_0005,fac_0003,med_diazepam,2026-06-30,2026-07-11,2026-07-12,1010.4,delivered
ord_fac_0003_med_diazepam_0006,fac_0003,med_diazepam,2026-07-21,2026-07-26,2026-07-25,930.7,delivered
ord_fac_0003_med_diazepam_0007,fac_0003,med_diazepam,2026-08-11,2026-08-19,2026-08-19,1123.9,delivered
ord_fac_0003_med_diazepam_0008,fac_0003,med_diazepam,2026-09-01,2026-09-06,2026-09-05,1126.1,delivered
ord_fac_0003_med_folic_acid_0000,fac_0003,med_folic_acid,2026-03-17,2026-03-18,2026-03-26,1064.3,delayed
ord_fac_0003_med_folic_acid_0001,fac_0003,med_folic_acid,2026-04-07,2026-04-14,2026-04-14,1046.6,delivered
ord_fac_0003_med_folic_acid_0002,fac_0003,med_folic_acid,2026-04-28,2026-05-04,2026-05-09,1052.9,delayed
ord_fac_0003_med_folic_acid_0003,fac_0003,med_folic_acid,2026-05-19,2026-05-26,2026-05-25,844.6,delivered
ord_fac_0003_med_folic_acid_0004,fac_0003,med_folic_acid,2026-06-09,2026-06-17,2026-06-17,843.4,delivered
ord_fac_0003_med_folic_acid_0005,fac_0003,med_folic_acid,2026-06-30,2026-07-06,2026-07-06,1161.4,delivered
ord_fac_0003_med_folic_acid_0006,fac_0003,med_folic_acid,2026-07-21,2026-07-26,2026-07-26,1171.6,delivered
ord_fac_0003_med_folic_acid_0007,fac_0003,med_folic_acid,2026-08-11,2026-08-18,2026-08-19,950.7,delivered
ord_fac_0003_med_folic_acid_0008,fac_0003,med_folic_acid,2026-09-01,2026-09-07,2026-09-08,1048.1,delivered
ord_fac_0003_med_artesunate_0000,fac_0003,med_artesunate,2026-03-17,2026-03-22,2026-03-22,730.8,delivered
ord_fac_0003_med_artesunate_0001,fac_0003,med_artesunate,2026-04-07,2026-04-12,2026-04-13,787.7,delivered
ord_fac_0003_med_artesunate_0002,fac_0003,med_artesunate,2026-04-28,2026-05-04,2026-05-04,588.3,delivered
ord_fac_0003_med_artesunate_0003,fac_0003,med_artesunate,2026-05-19,2026-05-27,2026-05-26,868.7,delivered
ord_fac_0003_med_artesunate_0004,fac_0003,med_artesunate,2026-06-09,2026-06-15,2026-06-25,756.0,delayed
ord_fac_0003_med_artesunate_0005,fac_0003,med_artesunate,2026-06-30,2026-07-09,2026-07-09,704.6,delivered
ord_fac_0003_med_artesunate_0006,fac_0003,med_artesunate,2026-07-21,2026-07-28,2026-07-28,828.4,delivered
ord_fac_0003_med_artesunate_0007,fac_0003,med_artesunate,2026-08-11,2026-08-22,2026-08-26,604.7,delayed
ord_fac_0003_med_artesunate_0008,fac_0003,med_artesunate,2026-09-01,2026-09-11,,731.0,in_transit
ord_fac_0003_med_oxytocin_0000,fac_0003,med_oxytocin,2026-03-17,2026-03-27,2026-03-27,927.6,delivered
ord_fac_0003_med_oxytocin_0001,fac_0003,med_oxytocin,2026-04-07,2026-04-12,2026-04-12,958.2,delivered
ord_fac_0003_med_oxytocin_0002,fac_0003,med_oxytocin,2026-04-28,2026-05-03,2026-05-03,809.0,delivered
ord_fac_0003_med_oxytocin_0003,fac_0003,med_oxytocin,2026-05-19,2026-05-28,2026-05-28,923.5,delivered
ord_fac_0003_med_oxytocin_0004,fac_0003,med_oxytocin,2026-06-09,2026-06-18,2026-06-19,830.4,delivered
ord_fac_0003_med_oxytocin_0005,fac_0003,med_oxytocin,2026-06-30,2026-07-07,2026-07-08,651.7,delivered
ord_fac_0003_med_oxytocin_0006,fac_0003,med_oxytocin,2026-07-21,2026-07-27,2026-07-27,923.6,delivered
ord_fac_0003_med_oxytocin_0007,fac_0003,med_oxytocin,2026-08-11,2026-08-19,2026-08-24,669.0,delayed
ord_fac_0003_med_oxytocin_0008,fac_0003,med_oxytocin,2026-09-01,2026-09-06,2026-09-07,718.1,delivered
ord_fac_0003_med_ringer_s_lactate_0000,fac_0003,med_ringer_s_lactate,2026-03-17,2026-03-22,2026-03-22,504.1,delivered
ord_fac_0003_med_ringer_s_lactate_0001,fac_0003,med_ringer_s_lactate,2026-04-07,2026-04-16,2026-04-15,479.6,delivered
ord_fac_0003_med_ringer_s_lactate_0002,fac_0003,med_ringer_s_lactate,2026-04-28,2026-04-30,2026-04-30,518.1,delivered
ord_fac_0003_med_ringer_s_lactate_0003,fac_0003,med_ringer_s_lactate,2026-05-19,2026-05-25,2026-05-25,489.9,delivered
ord_fac_0003_med_ringer_s_lactate_0004,fac_0003,med_ringer_s_lactate,2026-06-09,2026-06-17,2026-06-25,515.6,delayed
ord_fac_0003_med_ringer_s_lactate_0005,fac_0003,med_ringer_s_lactate,2026-06-30,2026-07-09,2026-07-09,475.3,delivered
ord_fac_0003_med_ringer_s_lactate_0006,fac_0003,med_ringer_s_lactate,2026-07-21,2026-07-26,2026-07-26,473.4,delivered
ord_fac_0003_med_ringer_s_lactate_0007,fac_0003,med_ringer_s_lactate,2026-08-11,2026-08-18,2026-08-17,390.1,delivered
ord_fac_0003_med_ringer_s_lactate_0008,fac_0003,med_ringer_s_lactate,2026-09-01,2026-09-10,2026-09-10,435.1,delivered
ord_fac_0003_med_isoniazid_0000,fac_0003,med_isoniazid,2026-03-17,2026-03-24,2026-03-25,985.2,delivered
ord_fac_0003_med_isoniazid_0001,fac_0003,med_isoniazid,2026-04-07,2026-04-15,2026-04-15,957.5,delivered
ord_fac_0003_med_isoniazid_0002,fac_0003,med_isoniazid,2026-04-28,2026-05-05,2026-05-05,1292.0,delivered
ord_fac_0003_med_isoniazid_0003,fac_0003,med_isoniazid,2026-05-19,2026-05-29,2026-05-28,1203.4,delivered
ord_fac_0003_med_isoniazid_0004,fac_0003,med_isoniazid,2026-06-09,2026-06-15,2026-06-15,1351.8,delivered
ord_fac_0003_med_isoniazid_0005,fac_0003,med_isoniazid,2026-06-30,2026-07-08,2026-07-08,1157.1,delivered
ord_fac_0003_med_isoniazid_0006,fac_0003,med_isoniazid,2026-07-21,2026-07-26,2026-07-26,1297.9,delivered
ord_fac_0003_med_isoniazid_0007,fac_0003,med_isoniazid,2026-08-11,2026-08-15,2026-08-18,945.3,delayed
ord_fac_0003_med_isoniazid_0008,fac_0003,med_isoniazid,2026-09-01,2026-09-09,2026-09-09,1209.4,delivered
ord_fac_0004_med_amoxicillin_0000,fac_0004,med_amoxicillin,2026-03-17,2026-03-29,2026-03-29,144.5,delivered
ord_fac_0004_med_amoxicillin_0001,fac_0004,med_amoxicillin,2026-04-07,2026-04-12,2026-04-12,163.7,delivered
ord_fac_0004_med_amoxicillin_0002,fac_0004,med_amoxicillin,2026-04-28,2026-05-08,2026-05-08,171.6,delivered
ord_fac_0004_med_amoxicillin_0003,fac_0004,med_amoxicillin,2026-05-19,2026-05-25,2026-05-25,130.6,delivered
ord_fac_0004_med_amoxicillin_0004,fac_0004,med_amoxicillin,2026-06-09,2026-06-17,2026-06-17,121.7,delivered
ord_fac_0004_med_amoxicillin_0005,fac_0004,med_amoxicillin,2026-06-30,2026-07-08,2026-07-08,137.5,delivered
ord_fac_0004_med_amoxicillin_0006,fac_0004,med_amoxicillin,2026-07-21,2026-07-30,2026-07-30,176.0,delivered
ord_fac_0004_med_amoxicillin_0007,fac_0004,med_amoxicillin,2026-08-11,2026-08-17,2026-08-17,168.6,delivered
ord_fac_0004_med_amoxicillin_0008,fac_0004,med_amoxicillin,2026-09-01,2026-09-07,2026-09-07,160.8,delivered
ord_fac_0004_med_paracetamol_0000,fac_0004,med_paracetamol,2026-03-17,2026-03-27,2026-03-27,79.4,delivered
ord_fac_0004_med_paracetamol_0001,fac_0004,med_paracetamol,2026-04-07,2026-04-16,2026-04-19,73.4,delayed
ord_fac_0004_med_paracetamol_0002,fac_0004,med_paracetamol,2026-04-28,2026-05-04,2026-05-05,82.9,delivered
ord_fac_0004_med_paracetamol_0003,fac_0004,med_paracetamol,2026-05-19,2026-05-26,2026-05-26,62.7,delivered
ord_fac_0004_med_paracetamol_0004,fac_0004,med_paracetamol,2026-06-09,2026-06-16,2026-06-15,63.0,delivered
ord_fac_0004_med_paracetamol_0005,fac_0004,med_paracetamol,2026-06-30,2026-07-06,2026-07-05,61.8,delivered
ord_fac_0004_med_paracetamol_0006,fac_0004,med_paracetamol,2026-07-21,2026-07-27,2026-07-27,74.0,delivered
ord_fac_0004_med_paracetamol_0007,fac_0004,med_paracetamol,2026-08-11,2026-08-19,2026-08-25,90.3,delayed
ord_fac_0004_med_paracetamol_0008,fac_0004,med_paracetamol,2026-09-01,2026-09-05,2026-09-05,68.0,delivered
ord_fac_0004_med_oral_rehydration_salts_0000,fac_0004,med_oral_rehydration_salts,2026-03-17,2026-03-25,2026-03-25,67.9,delivered
ord_fac_0004_med_oral_rehydration_salts_0001,fac_0004,med_oral_rehydration_salts,2026-04-07,2026-04-13,2026-04-13,90.0,delivered
ord_fac_0004_med_oral_rehydration_salts_0002,fac_0004,med_oral_rehydration_salts,2026-04-28,2026-05-05,2026-05-05,79.5,delivered
ord_fac_0004_med_oral_rehydration_salts_0003,fac_0004,med_oral_rehydration_salts,2026-05-19,2026-05-25,2026-05-25,67.9,delivered
ord_fac_0004_med_oral_rehydration_salts_0004,fac_0004,med_oral_rehydration_salts,2026-06-09,2026-06-16,2026-06-23,79.0,delayed
ord_fac_0004_med_oral_rehydration_salts_0005,fac_0004,med_oral_rehydration_salts,2026-06-30,2026-07-05,2026-07-05,82.4,delivered
ord_fac_0004_med_oral_rehydration_salts_0006,fac_0004,med_oral_rehydration_salts,2026-07-21,2026-07-31,2026-07-31,79.0,delivered
ord_fac_0004_med_oral_rehydration_salts_0007,fac_0004,med_oral_rehydration_salts,2026-08-11,2026-08-17,2026-08-17,75.5,delivered
ord_fac_0004_med_oral_rehydration_salts_0008,fac_0004,med_oral_rehydration_salts,2026-09-01,2026-09-07,2026-09-07,81.8,delivered
ord_fac_0004_med_insulin_0000,fac_0004,med_insulin,2026-03-17,2026-03-23,2026-03-23,164.2,delivered
ord_fac_0004_med_insulin_0001,fac_0004,med_insulin,2026-04-07,2026-04-16,2026-04-17,168.5,delivered
ord_fac_0004_med_insulin_0002,fac_0004,med_insulin,2026-04-28,2026-05-04,2026-05-04,168.1,delivered
ord_fac_0004_med_insulin_0003,fac_0004,med_insulin,2026-05-19,2026-05-27,2026-05-27,147.9,delivered
ord_fac_0004_med_insulin_0004,fac_0004,med_insulin,2026-06-09,2026-06-20,2026-06-20,163.6,delivered
ord_fac_0004_med_insulin_0005,fac_0004,med_insulin,2026-06-30,2026-07-06,2026-07-10,156.4,delayed
ord_fac_0004_med_insulin_0006,fac_0004,med_insulin,2026-07-21,2026-07-27,2026-07-27,169.6,delivered
ord_fac_0004_med_insulin_0007,fac_0004,med_insulin,2026-08-11,2026-08-17,2026-08-18,120.3,delivered
ord_fac_0004_med_insulin_0008,fac_0004,med_insulin,2026-09-01,2026-09-07,2026-09-07,122.9,delivered
ord_fac_0004_med_salbutamol_0000,fac_0004,med_salbutamol,2026-03-17,2026-03-26,2026-03-29,209.2,delayed
ord_fac_0004_med_salbutamol_0001,fac_0004,med_salbutamol,2026-04-07,2026-04-14,2026-04-14,211.0,delivered
ord_fac_0004_med_salbutamol_0002,fac_0004,med_salbutamol,2026-04-28,2026-05-06,2026-05-06,224.7,delivered
ord_fac_0004_med_salbutamol_0003,fac_0004,med_salbutamol,2026-05-19,2026-05-26,2026-05-26,173.5,delivered
ord_fac_0004_med_salbutamol_0004,fac_0004,med_salbutamol,2026-06-09,2026-06-15,2026-06-15,209.0,delivered
ord_fac_0004_med_salbutamol_0005,fac_0004,med_salbutamol,2026-06-30,2026-07-05,2026-07-05,211.1,delivered
ord_fac_0004_med_salbutamol_0006,fac_0004,med_salbutamol,2026-07-21,2026-07-25,2026-07-25,243.1,delivered
ord_fac_0004_med_salbutamol_0007,fac_0004,med_salbutamol,2026-08-11,2026-08-18,2026-08-18,185.4,delivered
ord_fac_0004_med_salbutamol_0008,fac_0004,med_salbutamol,2026-09-01,2026-09-09,2026-09-08,179.9,delivered
ord_fac_0004_med_ciprofloxacin_0000,fac_0004,med_ciprofloxacin,2026-03-17,2026-03-25,2026-03-29,208.4,delayed
ord_fac_0004_med_ciprofloxacin_0001,fac_0004,med_ciprofloxacin,2026-04-07,2026-04-15,2026-04-15,243.1,delivered
ord_fac_0004_med_ciprofloxacin_0002,fac_0004,med_ciprofloxacin,2026-04-28,2026-05-04,2026-05-03,176.6,delivered
ord_fac_0004_med_ciprofloxacin_0003,fac_0004,med_ciprofloxacin,2026-05-19,2026-05-28,2026-05-28,212.3,delivered
ord_fac_0004_med_ciprofloxacin_0004,fac_0004,med_ciprofloxacin,2026-06-09,2026-06-15,2026-06-16,191.9,delivered
ord_fac_0004_med_ciprofloxacin_0005,fac_0004,med_ciprofloxacin,2026-06-30,2026-07-09,2026-07-09,202.4,delivered
ord_fac_0004_med_ciprofloxacin_0006,fac_0004,med_ciprofloxacin,2026-07-21,2026-07-30,2026-07-30,193.9,delivered
ord_fac_0004_med_ciprofloxacin_0007,fac_0004,med_ciprofloxacin,2026-08-11,2026-08-17,2026-08-17,216.9,delivered
ord_fac_0004_med_ciprofloxacin_0008,fac_0004,med_ciprofloxacin,2026-09-01,2026-09-08,,238.4,in_transit
ord_fac_0004_med_diazepam_0000,fac_0004,med_diazepam,2026-03-17,2026-03-20,2026-03-21,147.4,delivered
ord_fac_0004_med_diazepam_0001,fac_0004,med_diazepam,2026-04-07,2026-04-15,2026-04-15,150.2,delivered
ord_fac_0004_med_diazepam_0002,fac_0004,med_diazepam,2026-04-28,2026-05-06,2026-05-06,152.7,delivered
ord_fac_0004_med_diazepam_0003,fac_0004,med_diazepam,2026-05-19,2026-05-26,2026-05-26,203.5,delivered
ord_fac_0004_med_diazepam_0004,fac_0004,med_diazepam,2026-06-09,2026-06-14,2026-06-14,191.1,delivered
ord_fac_0004_med_diazepam_0005,fac_0004,med_diazepam,2026-06-30,2026-07-11,2026-07-11,152.9,delivered
ord_fac_0004_med_diazepam_0006,fac_0004,med_diazepam,2026-07-21,2026-07-29,2026-07-30,195.1,delivered
ord_fac_0004_med_diazepam_0007,fac_0004,med_diazepam,2026-08-11,2026-08-17,2026-08-17,139.1,delivered
ord_fac_0004_med_diazepam_0008,fac_0004,med_diazepam,2026-09-01,2026-09-07,2026-09-10,144.9,delayed
ord_fac_0004_med_folic_acid_0000,fac_0004,med_folic_acid,2026-03-17,2026-03-24,2026-04-03,197.1,delayed
ord_fac_0004_med_folic_acid_0001,fac_0004,med_folic_acid,2026-04-07,2026-04-14,2026-04-14,207.2,delivered
ord_fac_0004_med_folic_acid_0002,fac_0004,med_folic_acid,2026-04-28,2026-05-05,2026-05-05,167.2,delivered
ord_fac_0004_med_folic_acid_0003,fac_0004,med_folic_acid,2026-05-19,2026-05-25,2026-05-25,224.1,delivered
ord_fac_0004_med_folic_acid_0004,fac_0004,med_folic_acid,2026-06-09,2026-06-16,2026-06-17,155.5,delivered
ord_fac_0004_med_folic_acid_0005,fac_0004,med_folic_acid,2026-06-30,2026-07-10,2026-07-10,199.4,delivered
ord_fac_0004_med_folic_acid_0006,fac_0004,med_folic_acid,2026-07-21,2026-07-29,2026-07-29,188.9,delivered
ord_fac_0004_med_folic_acid_0007,fac_0004,med_folic_acid,2026-08-11,2026-08-20,2026-08-20,164.4,delivered
ord_fac_0004_med_folic_acid_0008,fac_0004,med_folic_acid,2026-09-01,2026-09-09,2026-09-09,158.8,delivered
ord_fac_0004_med_artesunate_0000,fac_0004,med_artesunate,2026-03-17,2026-03-23,2026-03-31,154.9,delayed
ord_fac_0004_med_artesunate_0001,fac_0004,med_artesunate,2026-04-07,2026-04-15,2026-04-15,183.4,delivered
ord_fac_0004_med_artesunate_0002,fac_0004,med_artesunate,2026-04-28,2026-05-06,2026-05-07,194.2,delivered
ord_fac_0004_med_artesunate_0003,fac_0004,med_artesunate,2026-05-19,2026-05-26,2026-06-03,183.5,delayed
ord_fac_0004_med_artesunate_0004,fac_0004,med_artesunate,2026-06-09,2026-06-16,2026-06-17,158.7,delivered
ord_fac_0004_med_artesunate_0005,fac_0004,med_artesunate,2026-06-30,2026-07-04,2026-07-04,175.0,delivered
ord_fac_0004_med_artesunate_0006,fac_0004,med_artesunate,2026-07-21,2026-07-29,2026-07-28,193.1,delivered
ord_fac_0004_med_artesunate_0007,fac_0004,med_artesunate,2026-08-11,2026-08-18,2026-08-18,153.9,delivered
ord_fac_0004_med_artesunate_0008,fac_0004,med_artesunate,2026-09-01,2026-09-09,2026-09-13,178.9,delayed
ord_fac_0004_med_oxytocin_0000,fac_0004,med_oxytocin,2026-03-17,2026-03-23,2026-03-29,150.1,delayed
ord_fac_0004_med_oxytocin_0001,fac_0004,med_oxytocin,2026-04-07,2026-04-14,2026-04-13,127.2,delivered
ord_fac_0004_med_oxytocin_0002,fac_0004,med_oxytocin,2026-04-28,2026-05-05,2026-05-06,144.8,delivered
ord_fac_0004_med_oxytocin_0003,fac_0004,med_oxytocin,2026-05-19,2026-05-28,2026-05-28,119.3,delivered
ord_fac_0004_med_oxytocin_0004,fac_0004,med_oxytocin,2026-06-09,2026-06-20,2026-06-20,130.0,delivered
ord_fac_0004_med_oxytocin_0005,fac_0004,med_oxytocin,2026-06-30,2026-07-09,2026-07-18,135.8,delayed
ord_fac_0004_med_oxytocin_0006,fac_0004,med_oxytocin,2026-07-21,2026-07-26,2026-07-26,119.8,delivered
ord_fac_0004_med_oxytocin_0007,fac_0004,med_oxytocin,2026-08-11,2026-08-18,2026-08-18,136.5,delivered
ord_fac_0004_med_oxytocin_0008,fac_0004,med_oxytocin,2026-09-01,2026-09-06,2026-09-06,123.7,delivered
ord_fac_0004_med_ringer_s_lactate_0000,fac_0004,med_ringer_s_lactate,2026-03-17,2026-03-24,2026-03-24,236.1,delivered
ord_fac_0004_med_ringer_s_lactate_0001,fac_0004,med_ringer_s_lactate,2026-04-07,2026-04-14,2026-04-14,227.5,delivered
ord_fac_0004_med_ringer_s_lactate_0002,fac_0004,med_ringer_s_lactate,2026-04-28,2026-05-05,2026-05-04,197.4,delivered
ord_fac_0004_med_ringer_s_lactate_0003,fac_0004,med_ringer_s_lactate,2026-05-19,2026-05-26,2026-05-27,241.0,delivered
ord_fac_0004_med_ringer_s_lactate_0004,fac_0004,med_ringer_s_lactate,2026-06-09,2026-06-16,2026-06-16,214.0,delivered
ord_fac_0004_med_ringer_s_lactate_0005,fac_0004,med_ringer_s_lactate,2026-06-30,2026-07-05,2026-07-05,173.8,delivered
ord_fac_0004_med_ringer_s_lactate_0006,fac_0004,med_ringer_s_lactate,2026-07-21,2026-07-30,2026-07-30,172.2,delivered
ord_fac_0004_med_ringer_s_lactate_0007,fac_0004,med_ringer_s_lactate,2026-08-11,2026-08-22,2026-08-21,221.1,delivered
ord_fac_0004_med_ringer_s_lactate_0008,fac_0004,med_ringer_s_lactate,2026-09-01,2026-09-08,,234.9,in_transit
ord_fac_0004_med_isoniazid_0000,fac_0004,med_isoniazid,2026-03-17,2026-03-23,2026-03-22,209.3,delivered
ord_fac_0004_med_isoniazid_0001,fac_0004,med_isoniazid,2026-04-07,2026-04-11,2026-04-10,186.1,delivered
ord_fac_0004_med_isoniazid_0002,fac_0004,med_isoniazid,2026-04-28,2026-05-04,2026-05-04,182.9,delivered
ord_fac_0004_med_isoniazid_0003,fac_0004,med_isoniazid,2026-05-19,2026-05-25,2026-05-24,175.1,delivered
ord_fac_0004_med_isoniazid_0004,fac_0004,med_isoniazid,2026-06-09,2026-06-16,2026-06-15,203.0,delivered
ord_fac_0004_med_isoniazid_0005,fac_0004,med_isoniazid,2026-06-30,2026-07-06,2026-07-06,164.1,delivered
ord_fac_0004_med_isoniazid_0006,fac_0004,med_isoniazid,2026-07-21,2026-07-29,2026-07-29,165.9,delivered
ord_fac_0004_med_isoniazid_0007,fac_0004,med_isoniazid,2026-08-11,2026-08-22,2026-08-28,154.6,delayed
ord_fac_0004_med_isoniazid_0008,fac_0004,med_isoniazid,2026-09-01,2026-09-09,2026-09-10,188.8,delivered
ord_fac_0005_med_amoxicillin_0000,fac_0005,med_amoxicillin,2026-03-17,2026-03-21,2026-03-21,191.6,delivered
ord_fac_0005_med_amoxicillin_0001,fac_0005,med_amoxicillin,2026-04-07,2026-04-15,2026-04-14,165.7,delivered
ord_fac_0005_med_amoxicillin_0002,fac_0005,med_amoxicillin,2026-04-28,2026-05-06,2026-05-06,167.9,delivered
ord_fac_0005_med_amoxicillin_0003,fac_0005,med_amoxicillin,2026-05-19,2026-05-28,2026-05-28,173.3,delivered
ord_fac_0005_med_amoxicillin_0004,fac_0005,med_amoxicillin,2026-06-09,2026-06-16,2026-06-16,161.4,delivered
ord_fac_0005_med_amoxicillin_0005,fac_0005,med_amoxicillin,2026-06-30,2026-07-08,2026-07-08,173.1,delivered
ord_fac_0005_med_amoxicillin_0006,fac_0005,med_amoxicillin,2026-07-21,2026-07-27,2026-07-28,145.0,delivered
ord_fac_0005_med_amoxicillin_0007,fac_0005,med_amoxicillin,2026-08-11,2026-08-16,2026-08-15,150.5,delivered
ord_fac_0005_med_amoxicillin_0008,fac_0005,med_amoxicillin,2026-09-01,2026-09-10,2026-09-09,207.7,delivered
ord_fac_0005_med_paracetamol_0000,fac_0005,med_paracetamol,2026-03-17,2026-03-25,2026-03-24,88.2,delivered
ord_fac_0005_med_paracetamol_0001,fac_0005,med_paracetamol,2026-04-07,2026-04-13,2026-04-18,83.9,delayed
ord_fac_0005_med_paracetamol_0002,fac_0005,med_paracetamol,2026-04-28,2026-05-02,2026-05-02,90.3,delivered
ord_fac_0005_med_paracetamol_0003,fac_0005,med_paracetamol,2026-05-19,2026-05-25,2026-05-26,66.1,delivered
ord_fac_0005_med_paracetamol_0004,fac_0005,med_paracetamol,2026-06-09,2026-06-17,2026-06-17,74.9,delivered
ord_fac_0005_med_paracetamol_0005,fac_0005,med_paracetamol,2026-06-30,2026-07-07,2026-07-08,93.4,delivered
ord_fac_0005_med_paracetamol_0006,fac_0005,med_paracetamol,2026-07-21,2026-07-30,2026-07-30,70.8,delivered
ord_fac_0005_med_paracetamol_0007,fac_0005,med_paracetamol,2026-08-11,2026-08-15,2026-08-14,89.6,delivered
ord_fac_0005_med_paracetamol_0008,fac_0005,med_paracetamol,2026-09-01,2026-09-12,2026-09-12,77.2,delivered
ord_fac_0005_med_oral_rehydration_salts_0000,fac_0005,med_oral_rehydration_salts,2026-03-17,2026-03-24,2026-03-24,222.2,delivered
ord_fac_0005_med_oral_rehydration_salts_0001,fac_0005,med_oral_rehydration_salts,2026-04-07,2026-04-13,2026-04-13,156.5,delivered
ord_fac_0005_med_oral_rehydration_salts_0002,fac_0005,med_oral_rehydration_salts,2026-04-28,2026-05-06,2026-05-06,186.3,delivered
ord_fac_0005_med_oral_rehydration_salts_0003,fac_0005,med_oral_rehydration_salts,2026-05-19,2026-05-21,2026-05-21,186.4,delivered
ord_fac_0005_med_oral_rehydration_salts_0004,fac_0005,med_oral_rehydration_salts,2026-06-09,2026-06-14,2026-06-14,184.8,delivered
ord_fac_0005_med_oral_rehydration_salts_0005,fac_0005,med_oral_rehydration_salts,2026-06-30,2026-07-06,2026-07-06,201.5,delivered
ord_fac_0005_med_oral_rehydration_salts_0006,fac_0005,med_oral_rehydration_salts,2026-07-21,2026-07-30,2026-07-29,209.3,delivered
ord_fac_0005_med_oral_rehydration_salts_0007,fac_0005,med_oral_rehydration_salts,2026-08-11,2026-08-19,2026-08-19,191.6,delivered
ord_fac_0005_med_oral_rehydration_salts_0008,fac_0005,med_oral_rehydration_salts,2026-09-01,2026-09-05,2026-09-05,162.7,delivered
ord_fac_0005_med_insulin_0000,fac_0005,med_insulin,2026-03-17,2026-03-21,2026-03-21,156.9,delivered
ord_fac_0005_med_insulin_0001,fac_0005,med_insulin,2026-04-07,2026-04-12,2026-04-12,169.0,delivered
ord_fac_0005_med_insulin_0002,fac_0005,med_insulin,2026-04-28,2026-05-06,2026-05-06,163.2,delivered
ord_fac_0005_med_insulin_0003,fac_0005,med_insulin,2026-05-19,2026-05-28,2026-05-28,190.7,delivered
ord_fac_0005_med_insulin_0004,fac_0005,med_insulin,2026-06-09,2026-06-16,2026-06-16,162.2,delivered
ord_fac_0005_med_insulin_0005,fac_0005,med_insulin,2026-06-30,2026-07-07,2026-07-16,143.6,delayed
ord_fac_0005_med_insulin_0006,fac_0005,med_insulin,2026-07-21,2026-07-29,2026-07-29,154.4,delivered
ord_fac_0005_med_insulin_0007,fac_0005,med_insulin,2026-08-11,2026-08-15,2026-08-15,134.4,delivered
ord_fac_0005_med_insulin_0008,fac_0005,med_insulin,2026-09-01,2026-09-10,2026-09-10,166.3,delivered
ord_fac_0005_med_salbutamol_0000,fac_0005,med_salbutamol,2026-03-17,2026-03-25,2026-03-25,136.5,delivered
ord_fac_0005_med_salbutamol_0001,fac_0005,med_salbutamol,2026-04-07,2026-04-15,2026-04-20,141.6,delayed
ord_fac_0005_med_salbutamol_0002,fac_0005,med_salbutamol,2026-04-28,2026-05-03,2026-05-04,162.0,delivered
ord_fac_0005_med_salbutamol_0003,fac_0005,med_salbutamol,2026-05-19,2026-05-25,2026-05-25,144.8,delivered
ord_fac_0005_med_salbutamol_0004,fac_0005,med_salbutamol,2026-06-09,2026-06-18,2026-06-18,127.7,delivered
ord_fac_0005_med_salbutamol_0005,fac_0005,med_salbutamol,2026-06-30,2026-07-07,2026-07-07,153.1,delivered
ord_fac_0005_med_salbutamol_0006,fac_0005,med_salbutamol,2026-07-21,2026-07-26,2026-07-27,184.1,delivered
ord_fac_0005_med_salbutamol_0007,fac_0005,med_salbutamol,2026-08-11,2026-08-19,2026-08-26,174.3,delayed
ord_fac_0005_med_salbutamol_0008,fac_0005,med_salbutamol,2026-09-01,2026-09-10,2026-09-10,151.4,delivered
ord_fac_0005_med_ciprofloxacin_0000,fac_0005,med_ciprofloxacin,2026-03-17,2026-03-24,2026-03-24,171.7,delivered
ord_fac_0005_med_ciprofloxacin_0001,fac_0005,med_ciprofloxacin,2026-04-07,2026-04-15,2026-04-15,156.0,delivered
ord_fac_0005_med_ciprofloxacin_0002,fac_0005,med_ciprofloxacin,2026-04-28,2026-05-05,2026-05-05,154.6,delivered
ord_fac_0005_med_ciprofloxacin_0003,fac_0005,med_ciprofloxacin,2026-05-19,2026-05-25,2026-05-26,181.5,delivered
ord_fac_0005_med_ciprofloxacin_0004,fac_0005,med_ciprofloxacin,2026-06-09,2026-06-15,2026-06-15,185.9,delivered
ord_fac_0005_med_ciprofloxacin_0005,fac_0005,med_ciprofloxacin,2026-06-30,2026-07-05,2026-07-05,216.5,delivered
ord_fac_0005_med_ciprofloxacin_0006,fac_0005,med_ciprofloxacin,2026-07-21,2026-07-28,2026-07-28,158.7,delivered
ord_fac_0005_med_ciprofloxacin_0007,fac_0005,med_ciprofloxacin,2026-08-11,2026-08-19,2026-08-19,202.1,delivered
ord_fac_0005_med_ciprofloxacin_0008,fac_0005,med_ciprofloxacin,2026-09-01,2026-09-08,2026-09-08,164.1,delivered
ord_fac_0005_med_diazepam_0000,fac_0005,med_diazepam,2026-03-17,2026-03-25,2026-03-25,103.2,delivered
ord_fac_0005_med_diazepam_0001,fac_0005,med_diazepam,2026-04-07,2026-04-12,2026-04-12,96.1,delivered
ord_fac_0005_med_diazepam_0002,fac_0005,med_diazepam,2026-04-28,2026-05-04,2026-05-05,105.8,delivered
ord_fac_0005_med_diazepam_0003,fac_0005,med_diazepam,2026-05-19,2026-05-23,2026-05-23,101.8,delivered
ord_fac_0005_med_diazepam_0004,fac_0005,med_diazepam,2026-06-09,2026-06-16,2026-06-16,114.2,delivered
ord_fac_0005_med_diazepam_0005,fac_0005,med_diazepam,2026-06-30,2026-07-10,2026-07-10,99.2,delivered
ord_fac_0005_med_diazepam_0006,fac_0005,med_diazepam,2026-07-21,2026-07-27,2026-08-02,97.9,delayed
ord_fac_0005_med_diazepam_0007,fac_0005,med_diazepam,2026-08-11,2026-08-19,2026-08-19,94.1,delivered
ord_fac_0005_med_diazepam_0008,fac_0005,med_diazepam,2026-09-01,2026-09-09,2026-09-13,115.4,delayed
ord_fac_0005_med_folic_acid_0000,fac_0005,med_folic_acid,2026-03-17,2026-03-27,2026-03-27,159.9,delivered
ord_fac_0005_med_folic_acid_0001,fac_0005,med_folic_acid,2026-04-07,2026-04-11,2026-04-11,154.8,delivered
ord_fac_0005_med_folic_acid_0002,fac_0005,med_folic_acid,2026-04-28,2026-05-04,2026-05-04,134.4,delivered
ord_fac_0005_med_folic_acid_0003,fac_0005,med_folic_acid,2026-05-19,2026-05-27,2026-05-27,135.0,delivered
ord_fac_0005_med_folic_acid_0004,fac_0005,med_folic_acid,2026-06-09,2026-06-21,2026-06-20,147.3,delivered
ord_fac_0005_med_folic_acid_0005,fac_0005,med_folic_acid,2026-06-30,2026-07-07,2026-07-07,155.8,delivered
ord_fac_0005_med_folic_acid_0006,fac_0005,med_folic_acid,2026-07-21,2026-07-28,2026-07-29,124.9,delivered
ord_fac_0005_med_folic_acid_0007,fac_0005,med_folic_acid,2026-08-11,2026-08-21,2026-08-21,153.7,delivered
ord_fac_0005_med_folic_acid_0008,fac_0005,med_folic_acid,2026-09-01,2026-09-05,2026-09-06,157.5,delivered
ord_fac_0005_med_artesunate_0000,fac_0005,med_artesunate,2026-03-17,2026-03-24,2026-03-24,112.6,delivered
ord_fac_0005_med_artesunate_0001,fac_0005,med_artesunate,2026-04-07,2026-04-13,2026-04-13,136.6,delivered
ord_fac_0005_med_artesunate_0002,fac_0005,med_artesunate,2026-04-28,2026-05-06,2026-05-13,157.2,delayed
ord_fac_0005_med_artesunate_0003,fac_0005,med_artesunate,2026-05-19,2026-05-30,2026-06-06,132.9,delayed
ord_fac_0005_med_artesunate_0004,fac_0005,med_artesunate,2026-06-09,2026-06-16,2026-06-16,109.8,delivered
ord_fac_0005_med_artesunate_0005,fac_0005,med_artesunate,2026-06-30,2026-07-04,2026-07-14,144.1,delayed
ord_fac_0005_med_artesunate_0006,fac_0005,med_artesunate,2026-07-21,2026-07-27,2026-07-27,153.2,delivered
ord_fac_0005_med_artesunate_0007,fac_0005,med_artesunate,2026-08-11,2026-08-16,2026-08-16,141.6,delivered
ord_fac_0005_med_artesunate_0008,fac_0005,med_artesunate,2026-09-01,2026-09-09,2026-09-09,142.6,delivered
ord_fac_0005_med_oxytocin_0000,fac_0005,med_oxytocin,2026-03-17,2026-03-20,2026-03-20,135.5,delivered
ord_fac_0005_med_oxytocin_0001,fac_0005,med_oxytocin,2026-04-07,2026-04-15,2026-04-15,116.0,delivered
ord_fac_0005_med_oxytocin_0002,fac_0005,med_oxytocin,2026-04-28,2026-05-06,2026-05-07,98.0,delivered
ord_fac_0005_med_oxytocin_0003,fac_0005,med_oxytocin,2026-05-19,2026-05-27,2026-05-27,135.9,delivered
ord_fac_0005_med_oxytocin_0004,fac_0005,med_oxytocin,2026-06-09,2026-06-16,2026-06-16,93.3,delivered
ord_fac_0005_med_oxytocin_0005,fac_0005,med_oxytocin,2026-06-30,2026-07-08,2026-07-08,97.8,delivered
ord_fac_0005_med_oxytocin_0006,fac_0005,med_oxytocin,2026-07-21,2026-07-27,2026-07-27,107.6,delivered
ord_fac_0005_med_oxytocin_0007,fac_0005,med_oxytocin,2026-08-11,2026-08-21,2026-08-21,124.1,delivered
ord_fac_0005_med_oxytocin_0008,fac_0005,med_oxytocin,2026-09-01,2026-09-09,2026-09-09,102.1,delivered
ord_fac_0005_med_ringer_s_lactate_0000,fac_0005,med_ringer_s_lactate,2026-03-17,2026-03-24,2026-04-02,117.0,delayed
ord_fac_0005_med_ringer_s_lactate_0001,fac_0005,med_ringer_s_lactate,2026-04-07,2026-04-14,2026-04-13,137.3,delivered
ord_fac_0005_med_ringer_s_lactate_0002,fac_0005,med_ringer_s_lactate,2026-04-28,2026-05-04,2026-05-03,148.4,delivered
ord_fac_0005_med_ringer_s_lactate_0003,fac_0005,med_ringer_s_lactate,2026-05-19,2026-05-20,2026-05-20,167.3,delivered
ord_fac_0005_med_ringer_s_lactate_0004,fac_0005,med_ringer_s_lactate,2026-06-09,2026-06-17,2026-06-17,161.9,delivered
ord_fac_0005_med_ringer_s_lactate_0005,fac_0005,med_ringer_s_lactate,2026-06-30,2026-07-10,2026-07-10,171.3,delivered
ord_fac_0005_med_ringer_s_lactate_0006,fac_0005,med_ringer_s_lactate,2026-07-21,2026-07-27,2026-07-27,134.1,delivered
ord_fac_0005_med_ringer_s_lactate_0007,fac_0005,med_ringer_s_lactate,2026-08-11,2026-08-15,2026-08-16,129.1,delivered
ord_fac_0005_med_ringer_s_lactate_0008,fac_0005,med_ringer_s_lactate,2026-09-01,2026-09-10,2026-09-10,159.2,delivered
ord_fac_0005_med_isoniazid_0000,fac_0005,med_isoniazid,2026-03-17,2026-03-25,2026-03-26,109.2,delivered
ord_fac_0005_med_isoniazid_0001,fac_0005,med_isoniazid,2026-04-07,2026-04-16,2026-04-16,77.8,delivered
ord_fac_0005_med_isoniazid_0002,fac_0005,med_isoniazid,2026-04-28,2026-05-08,2026-05-08,78.3,delivered
ord_fac_0005_med_isoniazid_0003,fac_0005,med_isoniazid,2026-05-19,2026-05-25,2026-05-24,81.6,delivered
ord_fac_0005_med_isoniazid_0004,fac_0005,med_isoniazid,2026-06-09,2026-06-16,2026-06-19,81.2,delayed
ord_fac_0005_med_isoniazid_0005,fac_0005,med_isoniazid,2026-06-30,2026-07-07,2026-07-17,99.7,delayed
ord_fac_0005_med_isoniazid_0006,fac_0005,med_isoniazid,2026-07-21,2026-07-26,2026-08-02,105.1,delayed
ord_fac_0005_med_isoniazid_0007,fac_0005,med_isoniazid,2026-08-11,2026-08-18,2026-08-18,77.1,delivered
ord_fac_0005_med_isoniazid_0008,fac_0005,med_isoniazid,2026-09-01,2026-09-10,2026-09-10,110.9,delivered
ord_fac_0006_med_amoxicillin_0000,fac_0006,med_amoxicillin,2026-03-17,2026-03-24,2026-03-24,262.8,delivered
ord_fac_0006_med_amoxicillin_0001,fac_0006,med_amoxicillin,2026-04-07,2026-04-11,2026-04-11,340.2,delivered
ord_fac_0006_med_amoxicillin_0002,fac_0006,med_amoxicillin,2026-04-28,2026-05-07,2026-05-07,273.4,delivered
ord_fac_0006_med_amoxicillin_0003,fac_0006,med_amoxicillin,2026-05-19,2026-05-29,2026-05-29,303.2,delivered
ord_fac_0006_med_amoxicillin_0004,fac_0006,med_amoxicillin,2026-06-09,2026-06-14,2026-06-21,355.3,delayed
ord_fac_0006_med_amoxicillin_0005,fac_0006,med_amoxicillin,2026-06-30,2026-07-06,2026-07-06,309.8,delivered
ord_fac_0006_med_amoxicillin_0006,fac_0006,med_amoxicillin,2026-07-21,2026-07-28,2026-07-28,328.4,delivered
ord_fac_0006_med_amoxicillin_0007,fac_0006,med_amoxicillin,2026-08-11,2026-08-19,2026-08-23,252.5,delayed
ord_fac_0006_med_amoxicillin_0008,fac_0006,med_amoxicillin,2026-09-01,2026-09-08,2026-09-08,279.6,delivered
ord_fac_0006_med_paracetamol_0000,fac_0006,med_paracetamol,2026-03-17,2026-03-24,2026-03-24,322.4,delivered
ord_fac_0006_med_paracetamol_0001,fac_0006,med_paracetamol,2026-04-07,2026-04-16,2026-04-25,272.9,delayed
ord_fac_0006_med_paracetamol_0002,fac_0006,med_paracetamol,2026-04-28,2026-05-06,2026-05-05,272.0,delivered
ord_fac_0006_med_paracetamol_0003,fac_0006,med_paracetamol,2026-05-19,2026-05-22,2026-05-22,385.0,delivered
ord_fac_0006_med_paracetamol_0004,fac_0006,med_paracetamol,2026-06-09,2026-06-13,2026-06-13,329.0,delivered
ord_fac_0006_med_paracetamol_0005,fac_0006,med_paracetamol,2026-06-30,2026-07-06,2026-07-06,311.0,delivered
ord_fac_0006_med_paracetamol_0006,fac_0006,med_paracetamol,2026-07-21,2026-07-25,2026-07-25,321.1,delivered
ord_fac_0006_med_paracetamol_0007,fac_0006,med_paracetamol,2026-08-11,2026-08-13,2026-08-13,369.3,delivered
ord_fac_0006_med_paracetamol_0008,fac_0006,med_paracetamol,2026-09-01,2026-09-05,2026-09-05,312.5,delivered
ord_fac_0006_med_oral_rehydration_salts_0000,fac_0006,med_oral_rehydration_salts,2026-03-17,2026-03-25,2026-03-25,312.8,delivered
ord_fac_0006_med_oral_rehydration_salts_0001,fac_0006,med_oral_rehydration_salts,2026-04-07,2026-04-14,2026-04-14,282.1,delivered
ord_fac_0006_med_oral_rehydration_salts_0002,fac_0006,med_oral_rehydration_salts,2026-04-28,2026-05-03,2026-05-13,353.8,delayed
ord_fac_0006_med_oral_rehydration_salts_0003,fac_0006,med_oral_rehydration_salts,2026-05-19,2026-05-23,2026-05-23,376.4,delivered
ord_fac_0006_med_oral_rehydration_salts_0004,fac_0006,med_oral_rehydration_salts,2026-06-09,2026-06-17,2026-06-17,298.4,delivered
ord_fac_0006_med_oral_rehydration_salts_0005,fac_0006,med_oral_rehydration_salts,2026-06-30,2026-07-06,2026-07-05,374.3,delivered
ord_fac_0006_med_oral_rehydration_salts_0006,fac_0006,med_oral_rehydration_salts,2026-07-21,2026-07-28,2026-08-04,385.8,delayed
ord_fac_0006_med_oral_rehydration_salts_0007,fac_0006,med_oral_rehydration_salts,2026-08-11,2026-08-16,2026-08-16,346.6,delivered
ord_fac_0006_med_oral_rehydration_salts_0008,fac_0006,med_oral_rehydration_salts,2026-09-01,2026-09-06,2026-09-06,329.2,delivered
ord_fac_0006_med_insulin_0000,fac_0006,med_insulin,2026-03-17,2026-03-26,2026-03-26,370.0,delivered
ord_fac_0006_med_insulin_0001,fac_0006,med_insulin,2026-04-07,2026-04-16,2026-04-22,296.5,delayed
ord_fac_0006_med_insulin_0002,fac_0006,med_insulin,2026-04-28,2026-05-05,2026-05-04,346.4,delivered
ord_fac_0006_med_insulin_0003,fac_0006,med_insulin,2026-05-19,2026-05-27,2026-05-27,382.6,delivered
ord_fac_0006_med_insulin_0004,fac_0006,med_insulin,2026-06-09,2026-06-16,2026-06-16,281.8,delivered
ord_fac_0006_med_insulin_0005,fac_0006,med_insulin,2026-06-30,2026-07-07,2026-07-08,349.1,delivered
ord_fac_0006_med_insulin_0006,fac_0006,med_insulin,2026-07-21,2026-07-23,2026-07-23,268.6,delivered
ord_fac_0006_med_insulin_0007,fac_0006,med_insulin,2026-08-11,2026-08-17,2026-08-17,378.4,delivered
ord_fac_0006_med_insulin_0008,fac_0006,med_insulin,2026-09-01,2026-09-10,2026-09-10,301.6,delivered
ord_fac_0006_med_salbutamol_0000,fac_0006,med_salbutamol,2026-03-17,2026-03-26,2026-03-26,233.4,delivered
ord_fac_0006_med_salbutamol_0001,fac_0006,med_salbutamol,2026-04-07,2026-04-20,2026-04-21,269.7,delivered
ord_fac_0006_med_salbutamol_0002,fac_0006,med_salbutamol,2026-04-28,2026-05-05,2026-05-05,249.1,delivered
ord_fac_0006_med_salbutamol_0003,fac_0006,med_salbutamol,2026-05-19,2026-05-25,2026-05-25,265.8,delivered
ord_fac_0006_med_salbutamol_0004,fac_0006,med_salbutamol,2026-06-09,2026-06-16,2026-06-16,273.9,delivered
ord_fac_0006_med_salbutamol_0005,fac_0006,med_salbutamol,2026-06-30,2026-07-05,2026-07-05,215.1,delivered
ord_fac_0006_med_salbutamol_0006,fac_0006,med_salbutamol,2026-07-21,2026-07-24,2026-07-24,263.0,delivered
ord_fac_0006_med_salbutamol_0007,fac_0006,med_salbutamol,2026-08-11,2026-08-15,2026-08-16,271.5,delivered
ord_fac_0006_med_salbutamol_0008,fac_0006,med_salbutamol,2026-09-01,2026-09-07,2026-09-07,209.4,delivered
ord_fac_0006_med_ciprofloxacin_0000,fac_0006,med_ciprofloxacin,2026-03-17,2026-03-24,2026-03-27,297.3,delayed
ord_fac_0006_med_ciprofloxacin_0001,fac_0006,med_ciprofloxacin,2026-04-07,2026-04-12,2026-04-12,388.0,delivered
ord_fac_0006_med_ciprofloxacin_0002,fac_0006,med_ciprofloxacin,2026-04-28,2026-05-09,2026-05-17,356.0,delayed
ord_fac_0006_med_ciprofloxacin_0003,fac_0006,med_ciprofloxacin,2026-05-19,2026-05-26,2026-05-27,346.4,delivered
ord_fac_0006_med_ciprofloxacin_0004,fac_0006,med_ciprofloxacin,2026-06-09,2026-06-16,2026-06-16,306.9,delivered
ord_fac_0006_med_ciprofloxacin_0005,fac_0006,med_ciprofloxacin,2026-06-30,2026-07-04,2026-07-04,349.7,delivered
ord_fac_0006_med_ciprofloxacin_0006,fac_0006,med_ciprofloxacin,2026-07-21,2026-07-28,2026-07-28,272.6,delivered
ord_fac_0006_med_ciprofloxacin_0007,fac_0006,med_ciprofloxacin,2026-08-11,2026-08-12,2026-08-12,380.5,delivered
ord_fac_0006_med_ciprofloxacin_0008,fac_0006,med_ciprofloxacin,2026-09-01,2026-09-11,2026-09-11,328.9,delivered
ord_fac_0006_med_diazepam_0000,fac_0006,med_diazepam,2026-03-17,2026-03-22,2026-03-22,171.4,delivered
ord_fac_0006_med_diazepam_0001,fac_0006,med_diazepam,2026-04-07,2026-04-13,2026-04-14,199.7,delivered
ord_fac_0006_med_diazepam_0002,fac_0006,med_diazepam,2026-04-28,2026-05-05,2026-05-05,146.4,delivered
ord_fac_0006_med_diazepam_0003,fac_0006,med_diazepam,2026-05-19,2026-05-27,2026-05-27,205.1,delivered
ord_fac_0006_med_diazepam_0004,fac_0006,med_diazepam,2026-06-09,2026-06-18,2026-06-17,206.7,delivered
ord_fac_0006_med_diazepam_0005,fac_0006,med_diazepam,2026-06-30,2026-07-05,2026-07-06,175.1,delivered
ord_fac_0006_med_diazepam_0006,fac_0006,med_diazepam,2026-07-21,2026-07-26,2026-07-26,208.9,delivered
ord_fac_0006_med_diazepam_0007,fac_0006,med_diazepam,2026-08-11,2026-08-17,2026-08-17,153.9,delivered
ord_fac_0006_med_diazepam_0008,fac_0006,med_diazepam,2026-09-01,2026-09-07,2026-09-08,157.6,delivered
ord_fac_0006_med_folic_acid_0000,fac_0006,med_folic_acid,2026-03-17,2026-03-25,2026-03-25,425.9,delivered
ord_fac_0006_med_folic_acid_0001,fac_0006,med_folic_acid,2026-04-07,2026-04-14,2026-04-20,388.4,delayed
ord_fac_0006_med_folic_acid_0002,fac_0006,med_folic_acid,2026-04-28,2026-05-02,2026-05-02,449.6,delivered
ord_fac_0006_med_folic_acid_0003,fac_0006,med_folic_acid,2026-05-19,2026-05-25,2026-05-25,369.3,delivered
ord_fac_0006_med_folic_acid_0004,fac_0006,med_folic_acid,2026-06-09,2026-06-18,2026-06-19,455.5,delivered
ord_fac_0006_med_folic_acid_0005,fac_0006,med_folic_acid,2026-06-30,2026-07-05,2026-07-05,366.1,delivered
ord_fac_0006_med_folic_acid_0006,fac_0006,med_folic_acid,2026-07-21,2026-07-29,2026-07-29,320.7,delivered
ord_fac_0006_med_folic_acid_0007,fac_0006,med_folic_acid,2026-08-11,2026-08-16,2026-08-20,434.7,delayed
ord_fac_0006_med_folic_acid_0008,fac_0006,med_folic_acid,2026-09-01,2026-09-06,2026-09-06,439.2,delivered
ord_fac_0006_med_artesunate_0000,fac_0006,med_artesunate,2026-03-17,2026-03-20,2026-03-20,469.1,delivered
ord_fac_0006_med_artesunate_0001,fac_0006,med_artesunate,2026-04-07,2026-04-15,2026-04-15,504.0,delivered
ord_fac_0006_med_artesunate_0002,fac_0006,med_artesunate,2026-04-28,2026-05-03,2026-05-03,565.5,delivered
ord_fac_0006_med_artesunate_0003,fac_0006,med_artesunate,2026-05-19,2026-05-26,2026-05-26,432.0,delivered
ord_fac_0006_med_artesunate_0004,fac_0006,med_artesunate,2026-06-09,2026-06-17,2026-06-16,485.4,delivered
ord_fac_0006_med_artesunate_0005,fac_0006,med_artesunate,2026-06-30,2026-07-05,2026-07-04,462.2,delivered
ord_fac_0006_med_artesunate_0006,fac_0006,med_artesunate,2026-07-21,2026-07-26,2026-07-26,399.1,delivered
ord_fac_0006_med_artesunate_0007,fac_0006,med_artesunate,2026-08-11,2026-08-16,2026-08-24,579.4,delayed
ord_fac_0006_med_artesunate_0008,fac_0006,med_artesunate,2026-09-01,2026-09-06,2026-09-06,441.2,delivered
ord_fac_0006_med_oxytocin_0000,fac_0006,med_oxytocin,2026-03-17,2026-03-23,2026-03-24,282.6,delivered
ord_fac_0006_med_oxytocin_0001,fac_0006,med_oxytocin,2026-04-07,2026-04-18,2026-04-18,324.8,delivered
ord_fac_0006_med_oxytocin_0002,fac_0006,med_oxytocin,2026-04-28,2026-05-07,2026-05-07,265.1,delivered
ord_fac_0006_med_oxytocin_0003,fac_0006,med_oxytocin,2026-05-19,2026-05-31,2026-06-01,336.6,delivered
ord_fac_0006_med_oxytocin_0004,fac_0006,med_oxytocin,2026-06-09,2026-06-16,2026-06-16,296.6,delivered
ord_fac_0006_med_oxytocin_0005,fac_0006,med_oxytocin,2026-06-30,2026-07-06,2026-07-06,299.5,delivered
ord_fac_0006_med_oxytocin_0006,fac_0006,med_oxytocin,2026-07-21,2026-07-30,2026-07-30,254.4,delivered
ord_fac_0006_med_oxytocin_0007,fac_0006,med_oxytocin,2026-08-11,2026-08-15,2026-08-21,331.7,delayed
ord_fac_0006_med_oxytocin_0008,fac_0006,med_oxytocin,2026-09-01,2026-09-06,2026-09-06,344.3,delivered
ord_fac_0006_med_ringer_s_lactate_0000,fac_0006,med_ringer_s_lactate,2026-03-17,2026-03-26,2026-03-26,337.1,delivered
ord_fac_0006_med_ringer_s_lactate_0001,fac_0006,med_ringer_s_lactate,2026-04-07,2026-04-11,2026-04-11,343.2,delivered
ord_fac_0006_med_ringer_s_lactate_0002,fac_0006,med_ringer_s_lactate,2026-04-28,2026-05-06,2026-05-06,329.3,delivered
ord_fac_0006_med_ringer_s_lactate_0003,fac_0006,med_ringer_s_lactate,2026-05-19,2026-05-25,2026-05-25,399.3,delivered
ord_fac_0006_med_ringer_s_lactate_0004,fac_0006,med_ringer_s_lactate,2026-06-09,2026-06-14,2026-06-13,381.0,delivered
ord_fac_0006_med_ringer_s_lactate_0005,fac_0006,med_ringer_s_lactate,2026-06-30,2026-07-09,2026-07-09,422.5,delivered
ord_fac_0006_med_ringer_s_lactate_0006,fac_0006,med_ringer_s_lactate,2026-07-21,2026-07-29,2026-07-31,311.0,delayed
ord_fac_0006_med_ringer_s_lactate_0007,fac_0006,med_ringer_s_lactate,2026-08-11,2026-08-18,2026-08-18,393.9,delivered
ord_fac_0006_med_ringer_s_lactate_0008,fac_0006,med_ringer_s_lactate,2026-09-01,2026-09-10,2026-09-10,344.8,delivered
ord_fac_0006_med_isoniazid_0000,fac_0006,med_isoniazid,2026-03-17,2026-03-24,2026-03-24,446.2,delivered
ord_fac_0006_med_isoniazid_0001,fac_0006,med_isoniazid,2026-04-07,2026-04-16,2026-04-16,518.5,delivered
ord_fac_0006_med_isoniazid_0002,fac_0006,med_isoniazid,2026-04-28,2026-05-08,2026-05-08,412.1,delivered
ord_fac_0006_med_isoniazid_0003,fac_0006,med_isoniazid,2026-05-19,2026-05-26,2026-05-26,410.3,delivered
ord_fac_0006_med_isoniazid_0004,fac_0006,med_isoniazid,2026-06-09,2026-06-15,2026-06-15,510.3,delivered
ord_fac_0006_med_isoniazid_0005,fac_0006,med_isoniazid,2026-06-30,2026-07-07,2026-07-07,430.6,delivered
ord_fac_0006_med_isoniazid_0006,fac_0006,med_isoniazid,2026-07-21,2026-07-27,2026-07-27,374.7,delivered
ord_fac_0006_med_isoniazid_0007,fac_0006,med_isoniazid,2026-08-11,2026-08-21,2026-08-21,369.6,delivered
ord_fac_0006_med_isoniazid_0008,fac_0006,med_isoniazid,2026-09-01,2026-09-09,2026-09-12,547.1,delayed
ord_fac_0007_med_amoxicillin_0000,fac_0007,med_amoxicillin,2026-03-17,2026-03-26,2026-03-26,89.0,delivered
ord_fac_0007_med_amoxicillin_0001,fac_0007,med_amoxicillin,2026-04-07,2026-04-11,2026-04-12,69.6,delivered
ord_fac_0007_med_amoxicillin_0002,fac_0007,med_amoxicillin,2026-04-28,2026-05-05,2026-05-05,71.8,delivered
ord_fac_0007_med_amoxicillin_0003,fac_0007,med_amoxicillin,2026-05-19,2026-05-27,2026-05-26,80.1,delivered
ord_fac_0007_med_amoxicillin_0004,fac_0007,med_amoxicillin,2026-06-09,2026-06-15,2026-06-16,77.4,delivered
ord_fac_0007_med_amoxicillin_0005,fac_0007,med_amoxicillin,2026-06-30,2026-07-05,2026-07-06,60.9,delivered
ord_fac_0007_med_amoxicillin_0006,fac_0007,med_amoxicillin,2026-07-21,2026-07-28,2026-07-28,67.3,delivered
ord_fac_0007_med_amoxicillin_0007,fac_0007,med_amoxicillin,2026-08-11,2026-08-18,2026-08-18,63.6,delivered
ord_fac_0007_med_amoxicillin_0008,fac_0007,med_amoxicillin,2026-09-01,2026-09-07,2026-09-08,84.7,delivered
ord_fac_0007_med_paracetamol_0000,fac_0007,med_paracetamol,2026-03-17,2026-03-25,2026-03-25,130.9,delivered
ord_fac_0007_med_paracetamol_0001,fac_0007,med_paracetamol,2026-04-07,2026-04-17,2026-04-17,111.8,delivered
ord_fac_0007_med_paracetamol_0002,fac_0007,med_paracetamol,2026-04-28,2026-05-03,2026-05-03,107.2,delivered
ord_fac_0007_med_paracetamol_0003,fac_0007,med_paracetamol,2026-05-19,2026-05-27,2026-05-27,141.9,delivered
ord_fac_0007_med_paracetamol_0004,fac_0007,med_paracetamol,2026-06-09,2026-06-14,2026-06-14,141.6,delivered
ord_fac_0007_med_paracetamol_0005,fac_0007,med_paracetamol,2026-06-30,2026-07-07,2026-07-07,129.6,delivered
ord_fac_0007_med_paracetamol_0006,fac_0007,med_paracetamol,2026-07-21,2026-07-31,2026-07-31,109.2,delivered
ord_fac_0007_med_paracetamol_0007,fac_0007,med_paracetamol,2026-08-11,2026-08-21,2026-08-21,115.8,delivered
ord_fac_0007_med_paracetamol_0008,fac_0007,med_paracetamol,2026-09-01,2026-09-08,2026-09-08,144.2,delivered
ord_fac_0007_med_oral_rehydration_salts_0000,fac_0007,med_oral_rehydration_salts,2026-03-17,2026-03-24,2026-03-24,111.4,delivered
ord_fac_0007_med_oral_rehydration_salts_0001,fac_0007,med_oral_rehydration_salts,2026-04-07,2026-04-14,2026-04-14,115.2,delivered
ord_fac_0007_med_oral_rehydration_salts_0002,fac_0007,med_oral_rehydration_salts,2026-04-28,2026-05-07,2026-05-06,127.4,delivered
ord_fac_0007_med_oral_rehydration_salts_0003,fac_0007,med_oral_rehydration_salts,2026-05-19,2026-05-25,2026-05-25,116.9,delivered
ord_fac_0007_med_oral_rehydration_salts_0004,fac_0007,med_oral_rehydration_salts,2026-06-09,2026-06-16,2026-06-15,137.0,delivered
ord_fac_0007_med_oral_rehydration_salts_0005,fac_0007,med_oral_rehydration_salts,2026-06-30,2026-07-08,2026-07-08,133.8,delivered
ord_fac_0007_med_oral_rehydration_salts_0006,fac_0007,med_oral_rehydration_salts,2026-07-21,2026-07-30,2026-07-30,117.5,delivered
ord_fac_0007_med_oral_rehydration_salts_0007,fac_0007,med_oral_rehydration_salts,2026-08-11,2026-08-17,2026-08-18,130.9,delivered
ord_fac_0007_med_oral_rehydration_salts_0008,fac_0007,med_oral_rehydration_salts,2026-09-01,2026-09-06,2026-09-06,145.4,delivered
ord_fac_0007_med_insulin_0000,fac_0007,med_insulin,2026-03-17,2026-03-22,2026-03-22,161.1,delivered
ord_fac_0007_med_insulin_0001,fac_0007,med_insulin,2026-04-07,2026-04-12,2026-04-12,183.9,delivered
ord_fac_0007_med_insulin_0002,fac_0007,med_insulin,2026-04-28,2026-05-06,2026-05-06,174.8,delivered
ord_fac_0007_med_insulin_0003,fac_0007,med_insulin,2026-05-19,2026-05-25,2026-05-25,212.3,delivered
ord_fac_0007_med_insulin_0004,fac_0007,med_insulin,2026-06-09,2026-06-17,2026-06-17,199.7,delivered
ord_fac_0007_med_insulin_0005,fac_0007,med_insulin,2026-06-30,2026-07-04,2026-07-04,225.5,delivered
ord_fac_0007_med_insulin_0006,fac_0007,med_insulin,2026-07-21,2026-08-01,2026-08-01,180.3,delivered
ord_fac_0007_med_insulin_0007,fac_0007,med_insulin,2026-08-11,2026-08-16,2026-08-16,204.7,delivered
ord_fac_0007_med_insulin_0008,fac_0007,med_insulin,2026-09-01,2026-09-04,2026-09-04,157.7,delivered
ord_fac_0007_med_salbutamol_0000,fac_0007,med_salbutamol,2026-03-17,2026-03-23,2026-03-23,75.2,delivered
ord_fac_0007_med_salbutamol_0001,fac_0007,med_salbutamol,2026-04-07,2026-04-09,2026-04-09,63.8,delivered
ord_fac_0007_med_salbutamol_0002,fac_0007,med_salbutamol,2026-04-28,2026-05-03,2026-05-11,55.1,delayed
ord_fac_0007_med_salbutamol_0003,fac_0007,med_salbutamol,2026-05-19,2026-05-31,2026-05-31,59.4,delivered
ord_fac_0007_med_salbutamol_0004,fac_0007,med_salbutamol,2026-06-09,2026-06-15,2026-06-15,72.2,delivered
ord_fac_0007_med_salbutamol_0005,fac_0007,med_salbutamol,2026-06-30,2026-07-07,2026-07-07,76.8,delivered
ord_fac_0007_med_salbutamol_0006,fac_0007,med_salbutamol,2026-07-21,2026-07-27,2026-07-27,56.2,delivered
ord_fac_0007_med_salbutamol_0007,fac_0007,med_salbutamol,2026-08-11,2026-08-14,2026-08-14,55.4,delivered
ord_fac_0007_med_salbutamol_0008,fac_0007,med_salbutamol,2026-09-01,2026-09-07,2026-09-07,76.6,delivered
ord_fac_0007_med_ciprofloxacin_0000,fac_0007,med_ciprofloxacin,2026-03-17,2026-03-24,2026-03-24,236.6,delivered
ord_fac_0007_med_ciprofloxacin_0001,fac_0007,med_ciprofloxacin,2026-04-07,2026-04-13,2026-04-13,225.5,delivered
ord_fac_0007_med_ciprofloxacin_0002,fac_0007,med_ciprofloxacin,2026-04-28,2026-05-04,2026-05-04,240.9,delivered
ord_fac_0007_med_ciprofloxacin_0003,fac_0007,med_ciprofloxacin,2026-05-19,2026-05-30,2026-06-05,207.7,delayed
ord_fac_0007_med_ciprofloxacin_0004,fac_0007,med_ciprofloxacin,2026-06-09,2026-06-18,2026-06-18,224.5,delivered
ord_fac_0007_med_ciprofloxacin_0005,fac_0007,med_ciprofloxacin,2026-06-30,2026-07-08,2026-07-08,166.8,delivered
ord_fac_0007_med_ciprofloxacin_0006,fac_0007,med_ciprofloxacin,2026-07-21,2026-07-29,2026-07-29,205.6,delivered
ord_fac_0007_med_ciprofloxacin_0007,fac_0007,med_ciprofloxacin,2026-08-11,2026-08-17,2026-08-17,237.1,delivered
ord_fac_0007_med_ciprofloxacin_0008,fac_0007,med_ciprofloxacin,2026-09-01,2026-09-08,2026-09-08,224.3,delivered
ord_fac_0007_med_diazepam_0000,fac_0007,med_diazepam,2026-03-17,2026-03-27,2026-03-27,115.6,delivered
ord_fac_0007_med_diazepam_0001,fac_0007,med_diazepam,2026-04-07,2026-04-15,2026-04-15,104.6,delivered
ord_fac_0007_med_diazepam_0002,fac_0007,med_diazepam,2026-04-28,2026-05-07,2026-05-07,90.0,delivered
ord_fac_0007_med_diazepam_0003,fac_0007,med_diazepam,2026-05-19,2026-05-28,2026-05-28,125.1,delivered
ord_fac_0007_med_diazepam_0004,fac_0007,med_diazepam,2026-06-09,2026-06-14,2026-06-15,86.6,delivered
ord_fac_0007_med_diazepam_0005,fac_0007,med_diazepam,2026-06-30,2026-07-06,2026-07-06,93.6,delivered
ord_fac_0007_med_diazepam_0006,fac_0007,med_diazepam,2026-07-21,2026-07-29,2026-07-29,117.5,delivered
ord_fac_0007_med_diazepam_0007,fac_0007,med_diazepam,2026-08-11,2026-08-18,2026-08-18,115.6,delivered
ord_fac_0007_med_diazepam_0008,fac_0007,med_diazepam,2026-09-01,2026-09-09,2026-09-09,97.5,delivered
ord_fac_0007_med_folic_acid_0000,fac_0007,med_folic_acid,2026-03-17,2026-03-23,2026-03-22,104.7,delivered
ord_fac_0007_med_folic_acid_0001,fac_0007,med_folic_acid,2026-04-07,2026-04-15,2026-04-14,90.4,delivered
ord_fac_0007_med_folic_acid_0002,fac_0007,med_folic_acid,2026-04-28,2026-05-05,2026-05-05,103.6,delivered
ord_fac_0007_med_folic_acid_0003,fac_0007,med_folic_acid,2026-05-19,2026-05-25,2026-05-25,94.8,delivered
ord_fac_0007_med_folic_acid_0004,fac_0007,med_folic_acid,2026-06-09,2026-06-14,2026-06-14,96.7,delivered
ord_fac_0007_med_folic_acid_0005,fac_0007,med_folic_acid,2026-06-30,2026-07-06,2026-07-09,85.8,delayed
ord_fac_0007_med_folic_acid_0006,fac_0007,med_folic_acid,2026-07-21,2026-07-27,2026-07-27,107.1,delivered
ord_fac_0007_med_folic_acid_0007,fac_0007,med_folic_acid,2026-08-11,2026-08-20,2026-08-20,84.4,delivered
ord_fac_0007_med_folic_acid_0008,fac_0007,med_folic_acid,2026-09-01,2026-09-08,2026-09-09,103.2,delivered
ord_fac_0007_med_artesunate_0000,fac_0007,med_artesunate,2026-03-17,2026-03-27,2026-03-28,129.8,delivered
ord_fac_0007_med_artesunate_0001,fac_0007,med_artesunate,2026-04-07,2026-04-14,2026-04-14,100.4,delivered
ord_fac_0007_med_artesunate_0002,fac_0007,med_artesunate,2026-04-28,2026-05-06,2026-05-06,117.4,delivered
ord_fac_0007_med_artesunate_0003,fac_0007,med_artesunate,2026-05-19,2026-05-25,2026-05-29,130.6,delayed
ord_fac_0007_med_artesunate_0004,fac_0007,med_artesunate,2026-06-09,2026-06-13,2026-06-13,130.9,delivered
ord_fac_0007_med_artesunate_0005,fac_0007,med_artesunate,2026-06-30,2026-07-06,2026-07-12,95.5,delayed
ord_fac_0007_med_artesunate_0006,fac_0007,med_artesunate,2026-07-21,2026-07-29,2026-07-28,106.0,delivered
ord_fac_0007_med_artesunate_0007,fac_0007,med_artesunate,2026-08-11,2026-08-18,2026-08-25,102.0,delayed
ord_fac_0007_med_artesunate_0008,fac_0007,med_artesunate,2026-09-01,2026-09-07,2026-09-07,127.5,delivered
ord_fac_0007_med_oxytocin_0000,fac_0007,med_oxytocin,2026-03-17,2026-03-22,2026-03-22,110.8,delivered
ord_fac_0007_med_oxytocin_0001,fac_0007,med_oxytocin,2026-04-07,2026-04-13,2026-04-13,78.3,delivered
ord_fac_0007_med_oxytocin_0002,fac_0007,med_oxytocin,2026-04-28,2026-05-06,2026-05-06,113.0,delivered
ord_fac_0007_med_oxytocin_0003,fac_0007,med_oxytocin,2026-05-19,2026-05-24,2026-05-24,86.0,delivered
ord_fac_0007_med_oxytocin_0004,fac_0007,med_oxytocin,2026-06-09,2026-06-13,2026-06-17,91.9,delayed
ord_fac_0007_med_oxytocin_0005,fac_0007,med_oxytocin,2026-06-30,2026-07-06,2026-07-06,107.0,delivered
ord_fac_0007_med_oxytocin_0006,fac_0007,med_oxytocin,2026-07-21,2026-07-27,2026-07-27,113.6,delivered
ord_fac_0007_med_oxytocin_0007,fac_0007,med_oxytocin,2026-08-11,2026-08-19,2026-08-19,103.9,delivered
ord_fac_0007_med_oxytocin_0008,fac_0007,med_oxytocin,2026-09-01,2026-09-11,,83.9,in_transit
ord_fac_0007_med_ringer_s_lactate_0000,fac_0007,med_ringer_s_lactate,2026-03-17,2026-03-27,2026-03-27,95.1,delivered
ord_fac_0007_med_ringer_s_lactate_0001,fac_0007,med_ringer_s_lactate,2026-04-07,2026-04-13,2026-04-19,135.1,delayed
ord_fac_0007_med_ringer_s_lactate_0002,fac_0007,med_ringer_s_lactate,2026-04-28,2026-05-07,2026-05-07,127.5,delivered
ord_fac_0007_med_ringer_s_lactate_0003,fac_0007,med_ringer_s_lactate,2026-05-19,2026-05-26,2026-05-26,97.1,delivered
ord_fac_0007_med_ringer_s_lactate_0004,fac_0007,med_ringer_s_lactate,2026-06-09,2026-06-20,2026-06-29,96.1,delayed
ord_fac_0007_med_ringer_s_lactate_0005,fac_0007,med_ringer_s_lactate,2026-06-30,2026-07-10,2026-07-10,97.6,delivered
ord_fac_0007_med_ringer_s_lactate_0006,fac_0007,med_ringer_s_lactate,2026-07-21,2026-07-26,2026-07-26,107.0,delivered
ord_fac_0007_med_ringer_s_lactate_0007,fac_0007,med_ringer_s_lactate,2026-08-11,2026-08-18,2026-08-18,130.4,delivered
ord_fac_0007_med_ringer_s_lactate_0008,fac_0007,med_ringer_s_lactate,2026-09-01,2026-09-09,2026-09-09,115.0,delivered
ord_fac_0007_med_isoniazid_0000,fac_0007,med_isoniazid,2026-03-17,2026-03-23,2026-03-22,72.2,delivered
ord_fac_0007_med_isoniazid_0001,fac_0007,med_isoniazid,2026-04-07,2026-04-13,2026-04-17,81.9,delayed
ord_fac_0007_med_isoniazid_0002,fac_0007,med_isoniazid,2026-04-28,2026-05-05,2026-05-05,58.2,delivered
ord_fac_0007_med_isoniazid_0003,fac_0007,med_isoniazid,2026-05-19,2026-05-23,2026-05-23,74.3,delivered
ord_fac_0007_med_isoniazid_0004,fac_0007,med_isoniazid,2026-06-09,2026-06-16,2026-06-16,75.2,delivered
ord_fac_0007_med_isoniazid_0005,fac_0007,med_isoniazid,2026-06-30,2026-07-11,2026-07-11,60.6,delivered
ord_fac_0007_med_isoniazid_0006,fac_0007,med_isoniazid,2026-07-21,2026-07-29,2026-07-29,71.8,delivered
ord_fac_0007_med_isoniazid_0007,fac_0007,med_isoniazid,2026-08-11,2026-08-19,2026-08-21,70.4,delayed
ord_fac_0007_med_isoniazid_0008,fac_0007,med_isoniazid,2026-09-01,2026-09-08,2026-09-07,58.2,delivered
ord_fac_0008_med_amoxicillin_0000,fac_0008,med_amoxicillin,2026-03-17,2026-03-24,2026-03-25,1017.8,delivered
ord_fac_0008_med_amoxicillin_0001,fac_0008,med_amoxicillin,2026-04-07,2026-04-13,2026-04-13,821.7,delivered
ord_fac_0008_med_amoxicillin_0002,fac_0008,med_amoxicillin,2026-04-28,2026-05-06,2026-05-06,722.6,delivered
ord_fac_0008_med_amoxicillin_0003,fac_0008,med_amoxicillin,2026-05-19,2026-05-25,2026-05-25,801.6,delivered
ord_fac_0008_med_amoxicillin_0004,fac_0008,med_amoxicillin,2026-06-09,2026-06-18,2026-06-18,700.8,delivered
ord_fac_0008_med_amoxicillin_0005,fac_0008,med_amoxicillin,2026-06-30,2026-07-10,2026-07-09,927.2,delivered
ord_fac_0008_med_amoxicillin_0006,fac_0008,med_amoxicillin,2026-07-21,2026-07-27,2026-07-27,690.5,delivered
ord_fac_0008_med_amoxicillin_0007,fac_0008,med_amoxicillin,2026-08-11,2026-08-17,2026-08-17,687.6,delivered
ord_fac_0008_med_amoxicillin_0008,fac_0008,med_amoxicillin,2026-09-01,2026-09-09,2026-09-09,814.5,delivered
ord_fac_0008_med_paracetamol_0000,fac_0008,med_paracetamol,2026-03-17,2026-03-27,2026-03-27,559.0,delivered
ord_fac_0008_med_paracetamol_0001,fac_0008,med_paracetamol,2026-04-07,2026-04-11,2026-04-14,483.5,delayed
ord_fac_0008_med_paracetamol_0002,fac_0008,med_paracetamol,2026-04-28,2026-05-04,2026-05-04,506.5,delivered
ord_fac_0008_med_paracetamol_0003,fac_0008,med_paracetamol,2026-05-19,2026-05-26,2026-05-30,489.5,delayed
ord_fac_0008_med_paracetamol_0004,fac_0008,med_paracetamol,2026-06-09,2026-06-21,2026-06-21,528.1,delivered
ord_fac_0008_med_paracetamol_0005,fac_0008,med_paracetamol,2026-06-30,2026-07-03,2026-07-11,437.8,delayed
ord_fac_0008_med_paracetamol_0006,fac_0008,med_paracetamol,2026-07-21,2026-07-29,2026-07-29,596.6,delivered
ord_fac_0008_med_paracetamol_0007,fac_0008,med_paracetamol,2026-08-11,2026-08-17,2026-08-18,600.1,delivered
ord_fac_0008_med_paracetamol_0008,fac_0008,med_paracetamol,2026-09-01,2026-09-11,2026-09-11,461.7,delivered
ord_fac_0008_med_oral_rehydration_salts_0000,fac_0008,med_oral_rehydration_salts,2026-03-17,2026-03-25,2026-04-03,1200.5,delayed
ord_fac_0008_med_oral_rehydration_salts_0001,fac_0008,med_oral_rehydration_salts,2026-04-07,2026-04-14,2026-04-14,1273.8,delivered
ord_fac_0008_med_oral_rehydration_salts_0002,fac_0008,med_oral_rehydration_salts,2026-04-28,2026-05-01,2026-05-05,1086.7,delayed
ord_fac_0008_med_oral_rehydration_salts_0003,fac_0008,med_oral_rehydration_salts,2026-05-19,2026-05-26,2026-05-26,1235.0,delivered
ord_fac_0008_med_oral_rehydration_salts_0004,fac_0008,med_oral_rehydration_salts,2026-06-09,2026-06-15,2026-06-20,963.2,delayed
ord_fac_0008_med_oral_rehydration_salts_0005,fac_0008,med_oral_rehydration_salts,2026-06-30,2026-07-05,2026-07-05,1191.9,delivered
ord_fac_0008_med_oral_rehydration_salts_0006,fac_0008,med_oral_rehydration_salts,2026-07-21,2026-07-28,2026-07-28,1124.7,delivered
ord_fac_0008_med_oral_rehydration_salts_0007,fac_0008,med_oral_rehydration_salts,2026-08-11,2026-08-16,2026-08-16,1409.3,delivered
ord_fac_0008_med_oral_rehydration_salts_0008,fac_0008,med_oral_rehydration_salts,2026-09-01,2026-09-07,2026-09-06,1082.3,delivered
ord_fac_0008_med_insulin_0000,fac_0008,med_insulin,2026-03-17,2026-03-27,2026-03-27,1028.1,delivered
ord_fac_0008_med_insulin_0001,fac_0008,med_insulin,2026-04-07,2026-04-16,2026-04-16,1033.9,delivered
ord_fac_0008_med_insulin_0002,fac_0008,med_insulin,2026-04-28,2026-05-03,2026-05-03,1352.9,delivered
ord_fac_0008_med_insulin_0003,fac_0008,med_insulin,2026-05-19,2026-05-23,2026-05-22,915.1,delivered
ord_fac_0008_med_insulin_0004,fac_0008,med_insulin,2026-06-09,2026-06-15,2026-06-15,1285.1,delivered
ord_fac_0008_med_insulin_0005,fac_0008,med_insulin,2026-06-30,2026-07-07,2026-07-07,1142.7,delivered
ord_fac_0008_med_insulin_0006,fac_0008,med_insulin,2026-07-21,2026-07-28,2026-07-28,1173.8,delivered
ord_fac_0008_med_insulin_0007,fac_0008,med_insulin,2026-08-11,2026-08-15,2026-08-15,1223.3,delivered
ord_fac_0008_med_insulin_0008,fac_0008,med_insulin,2026-09-01,2026-09-08,2026-09-08,1341.8,delivered
ord_fac_0008_med_salbutamol_0000,fac_0008,med_salbutamol,2026-03-17,2026-03-22,2026-03-22,552.0,delivered
ord_fac_0008_med_salbutamol_0001,fac_0008,med_salbutamol,2026-04-07,2026-04-14,2026-04-18,465.8,delayed
ord_fac_0008_med_salbutamol_0002,fac_0008,med_salbutamol,2026-04-28,2026-05-05,2026-05-05,473.5,delivered
ord_fac_0008_med_salbutamol_0003,fac_0008,med_salbutamol,2026-05-19,2026-05-26,2026-05-31,580.8,delayed
ord_fac_0008_med_salbutamol_0004,fac_0008,med_salbutamol,2026-06-09,2026-06-17,2026-06-17,469.9,delivered
ord_fac_0008_med_salbutamol_0005,fac_0008,med_salbutamol,2026-06-30,2026-07-09,2026-07-09,514.1,delivered
ord_fac_0008_med_salbutamol_0006,fac_0008,med_salbutamol,2026-07-21,2026-07-25,2026-07-25,559.8,delivered
ord_fac_0008_med_salbutamol_0007,fac_0008,med_salbutamol,2026-08-11,2026-08-18,2026-08-18,509.2,delivered
ord_fac_0008_med_salbutamol_0008,fac_0008,med_salbutamol,2026-09-01,2026-09-04,2026-09-05,549.6,delivered
ord_fac_0008_med_ciprofloxacin_0000,fac_0008,med_ciprofloxacin,2026-03-17,2026-03-29,2026-03-29,387.6,delivered
ord_fac_0008_med_ciprofloxacin_0001,fac_0008,med_ciprofloxacin,2026-04-07,2026-04-15,2026-04-15,447.4,delivered
ord_fac_0008_med_ciprofloxacin_0002,fac_0008,med_ciprofloxacin,2026-04-28,2026-05-05,2026-05-05,407.3,delivered
ord_fac_0008_med_ciprofloxacin_0003,fac_0008,med_ciprofloxacin,2026-05-19,2026-05-25,2026-05-25,526.5,delivered
ord_fac_0008_med_ciprofloxacin_0004,fac_0008,med_ciprofloxacin,2026-06-09,2026-06-17,2026-06-17,391.5,delivered
ord_fac_0008_med_ciprofloxacin_0005,fac_0008,med_ciprofloxacin,2026-06-30,2026-07-04,2026-07-04,472.0,delivered
ord_fac_0008_med_ciprofloxacin_0006,fac_0008,med_ciprofloxacin,2026-07-21,2026-07-25,2026-07-25,527.7,delivered
ord_fac_0008_med_ciprofloxacin_0007,fac_0008,med_ciprofloxacin,2026-08-11,2026-08-20,2026-08-20,504.0,delivered
ord_fac_0008_med_ciprofloxacin_0008,fac_0008,med_ciprofloxacin,2026-09-01,2026-09-09,2026-09-09,491.9,delivered
ord_fac_0008_med_diazepam_0000,fac_0008,med_diazepam,2026-03-17,2026-03-24,2026-04-03,1153.1,delayed
ord_fac_0008_med_diazepam_0001,fac_0008,med_diazepam,2026-04-07,2026-04-13,2026-04-13,1036.8,delivered
ord_fac_0008_med_diazepam_0002,fac_0008,med_diazepam,2026-04-28,2026-05-03,2026-05-02,1054.8,delivered
ord_fac_0008_med_diazepam_0003,fac_0008,med_diazepam,2026-05-19,2026-05-26,2026-05-26,1117.1,delivered
ord_fac_0008_med_diazepam_0004,fac_0008,med_diazepam,2026-06-09,2026-06-17,2026-06-17,1008.2,delivered
ord_fac_0008_med_diazepam_0005,fac_0008,med_diazepam,2026-06-30,2026-07-02,2026-07-06,1243.6,delayed
ord_fac_0008_med_diazepam_0006,fac_0008,med_diazepam,2026-07-21,2026-07-28,2026-07-29,1044.0,delivered
ord_fac_0008_med_diazepam_0007,fac_0008,med_diazepam,2026-08-11,2026-08-16,2026-08-21,917.8,delayed
ord_fac_0008_med_diazepam_0008,fac_0008,med_diazepam,2026-09-01,2026-09-06,2026-09-06,1230.8,delivered
ord_fac_0008_med_folic_acid_0000,fac_0008,med_folic_acid,2026-03-17,2026-03-23,2026-03-29,820.3,delayed
ord_fac_0008_med_folic_acid_0001,fac_0008,med_folic_acid,2026-04-07,2026-04-14,2026-04-15,1014.2,delivered
ord_fac_0008_med_folic_acid_0002,fac_0008,med_folic_acid,2026-04-28,2026-05-04,2026-05-04,1003.7,delivered
ord_fac_0008_med_folic_acid_0003,fac_0008,med_folic_acid,2026-05-19,2026-05-27,2026-05-26,832.4,delivered
ord_fac_0008_med_folic_acid_0004,fac_0008,med_folic_acid,2026-06-09,2026-06-15,2026-06-15,848.9,delivered
ord_fac_0008_med_folic_acid_0005,fac_0008,med_folic_acid,2026-06-30,2026-07-08,2026-07-08,1014.6,delivered
ord_fac_0008_med_folic_acid_0006,fac_0008,med_folic_acid,2026-07-21,2026-07-29,2026-08-08,947.3,delayed
ord_fac_0008_med_folic_acid_0007,fac_0008,med_folic_acid,2026-08-11,2026-08-17,2026-08-17,893.0,delivered
ord_fac_0008_med_folic_acid_0008,fac_0008,med_folic_acid,2026-09-01,2026-09-04,2026-09-04,888.7,delivered
ord_fac_0008_med_artesunate_0000,fac_0008,med_artesunate,2026-03-17,2026-03-24,2026-03-24,696.4,delivered
ord_fac_0008_med_artesunate_0001,fac_0008,med_artesunate,2026-04-07,2026-04-18,2026-04-18,731.1,delivered
ord_fac_0008_med_artesunate_0002,fac_0008,med_artesunate,2026-04-28,2026-05-04,2026-05-04,864.3,delivered
ord_fac_0008_med_artesunate_0003,fac_0008,med_artesunate,2026-05-19,2026-05-24,2026-05-24,914.5,delivered
ord_fac_0008_med_artesunate_0004,fac_0008,med_artesunate,2026-06-09,2026-06-16,2026-06-16,757.5,delivered
ord_fac_0008_med_artesunate_0005,fac_0008,med_artesunate,2026-06-30,2026-07-08,2026-07-08,700.1,delivered
ord_fac_0008_med_artesunate_0006,fac_0008,med_artesunate,2026-07-21,2026-07-31,2026-07-31,858.0,delivered
ord_fac_0008_med_artesunate_0007,fac_0008,med_artesunate,2026-08-11,2026-08-16,2026-08-16,793.1,delivered
ord_fac_0008_med_artesunate_0008,fac_0008,med_artesunate,2026-09-01,2026-09-06,2026-09-06,903.0,delivered
ord_fac_0008_med_oxytocin_0000,fac_0008,med_oxytocin,2026-03-17,2026-03-19,2026-03-19,706.6,delivered
ord_fac_0008_med_oxytocin_0001,fac_0008,med_oxytocin,2026-04-07,2026-04-11,2026-04-17,760.5,delayed
ord_fac_0008_med_oxytocin_0002,fac_0008,med_oxytocin,2026-04-28,2026-05-01,2026-05-01,729.5,delivered
ord_fac_0008_med_oxytocin_0003,fac_0008,med_oxytocin,2026-05-19,2026-05-27,2026-06-05,684.8,delayed
ord_fac_0008_med_oxytocin_0004,fac_0008,med_oxytocin,2026-06-09,2026-06-17,2026-06-17,908.2,delivered
ord_fac_0008_med_oxytocin_0005,fac_0008,med_oxytocin,2026-06-30,2026-07-06,2026-07-06,684.9,delivered
ord_fac_0008_med_oxytocin_0006,fac_0008,med_oxytocin,2026-07-21,2026-07-28,2026-07-28,636.4,delivered
ord_fac_0008_med_oxytocin_0007,fac_0008,med_oxytocin,2026-08-11,2026-08-19,2026-08-19,799.6,delivered
ord_fac_0008_med_oxytocin_0008,fac_0008,med_oxytocin,2026-09-01,2026-09-10,2026-09-10,667.1,delivered
ord_fac_0008_med_ringer_s_lactate_0000,fac_0008,med_ringer_s_lactate,2026-03-17,2026-03-24,2026-03-23,725.3,delivered
ord_fac_0008_med_ringer_s_lactate_0001,fac_0008,med_ringer_s_lactate,2026-04-07,2026-04-13,2026-04-13,721.7,delivered
ord_fac_0008_med_ringer_s_lactate_0002,fac_0008,med_ringer_s_lactate,2026-04-28,2026-05-03,2026-05-03,791.6,delivered
ord_fac_0008_med_ringer_s_lactate_0003,fac_0008,med_ringer_s_lactate,2026-05-19,2026-05-23,2026-05-30,823.9,delayed
ord_fac_0008_med_ringer_s_lactate_0004,fac_0008,med_ringer_s_lactate,2026-06-09,2026-06-15,2026-06-14,779.9,delivered
ord_fac_0008_med_ringer_s_lactate_0005,fac_0008,med_ringer_s_lactate,2026-06-30,2026-07-10,2026-07-10,859.4,delivered
ord_fac_0008_med_ringer_s_lactate_0006,fac_0008,med_ringer_s_lactate,2026-07-21,2026-07-28,2026-07-28,823.4,delivered
ord_fac_0008_med_ringer_s_lactate_0007,fac_0008,med_ringer_s_lactate,2026-08-11,2026-08-12,2026-08-12,594.2,delivered
ord_fac_0008_med_ringer_s_lactate_0008,fac_0008,med_ringer_s_lactate,2026-09-01,2026-09-08,2026-09-08,633.1,delivered
ord_fac_0008_med_isoniazid_0000,fac_0008,med_isoniazid,2026-03-17,2026-03-25,2026-03-25,432.4,delivered
ord_fac_0008_med_isoniazid_0001,fac_0008,med_isoniazid,2026-04-07,2026-04-16,2026-04-16,445.4,delivered
ord_fac_0008_med_isoniazid_0002,fac_0008,med_isoniazid,2026-04-28,2026-05-03,2026-05-08,530.5,delayed
ord_fac_0008_med_isoniazid_0003,fac_0008,med_isoniazid,2026-05-19,2026-05-29,2026-05-29,549.1,delivered
ord_fac_0008_med_isoniazid_0004,fac_0008,med_isoniazid,2026-06-09,2026-06-17,2026-06-18,589.8,delivered
ord_fac_0008_med_isoniazid_0005,fac_0008,med_isoniazid,2026-06-30,2026-07-05,2026-07-05,605.9,delivered
ord_fac_0008_med_isoniazid_0006,fac_0008,med_isoniazid,2026-07-21,2026-07-25,2026-07-25,516.6,delivered
ord_fac_0008_med_isoniazid_0007,fac_0008,med_isoniazid,2026-08-11,2026-08-19,2026-08-19,611.3,delivered
ord_fac_0008_med_isoniazid_0008,fac_0008,med_isoniazid,2026-09-01,2026-09-09,2026-09-10,616.5,delivered
ord_fac_0009_med_amoxicillin_0000,fac_0009,med_amoxicillin,2026-03-17,2026-03-25,2026-03-26,164.2,delivered
ord_fac_0009_med_amoxicillin_0001,fac_0009,med_amoxicillin,2026-04-07,2026-04-13,2026-04-13,182.7,delivered
ord_fac_0009_med_amoxicillin_0002,fac_0009,med_amoxicillin,2026-04-28,2026-04-30,2026-05-01,130.7,delivered
ord_fac_0009_med_amoxicillin_0003,fac_0009,med_amoxicillin,2026-05-19,2026-05-24,2026-05-24,171.5,delivered
ord_fac_0009_med_amoxicillin_0004,fac_0009,med_amoxicillin,2026-06-09,2026-06-18,2026-06-18,179.3,delivered
ord_fac_0009_med_amoxicillin_0005,fac_0009,med_amoxicillin,2026-06-30,2026-07-07,2026-07-07,167.6,delivered
ord_fac_0009_med_amoxicillin_0006,fac_0009,med_amoxicillin,2026-07-21,2026-07-25,2026-07-25,163.8,delivered
ord_fac_0009_med_amoxicillin_0007,fac_0009,med_amoxicillin,2026-08-11,2026-08-16,2026-08-16,170.0,delivered
ord_fac_0009_med_amoxicillin_0008,fac_0009,med_amoxicillin,2026-09-01,2026-09-10,,161.0,in_transit
ord_fac_0009_med_paracetamol_0000,fac_0009,med_paracetamol,2026-03-17,2026-03-25,2026-03-26,205.1,delivered
ord_fac_0009_med_paracetamol_0001,fac_0009,med_paracetamol,2026-04-07,2026-04-19,2026-04-20,167.4,delivered
ord_fac_0009_med_paracetamol_0002,fac_0009,med_paracetamol,2026-04-28,2026-05-01,2026-05-01,165.3,delivered
ord_fac_0009_med_paracetamol_0003,fac_0009,med_paracetamol,2026-05-19,2026-05-26,2026-05-27,158.5,delivered
ord_fac_0009_med_paracetamol_0004,fac_0009,med_paracetamol,2026-06-09,2026-06-13,2026-06-13,169.3,delivered
ord_fac_0009_med_paracetamol_0005,fac_0009,med_paracetamol,2026-06-30,2026-07-05,2026-07-05,138.2,delivered
ord_fac_0009_med_paracetamol_0006,fac_0009,med_paracetamol,2026-07-21,2026-07-27,2026-07-27,167.5,delivered
ord_fac_0009_med_paracetamol_0007,fac_0009,med_paracetamol,2026-08-11,2026-08-18,2026-08-18,140.6,delivered
ord_fac_0009_med_paracetamol_0008,fac_0009,med_paracetamol,2026-09-01,2026-09-11,,167.6,in_transit
ord_fac_0009_med_oral_rehydration_salts_0000,fac_0009,med_oral_rehydration_salts,2026-03-17,2026-03-24,2026-03-31,231.0,delayed
ord_fac_0009_med_oral_rehydration_salts_0001,fac_0009,med_oral_rehydration_salts,2026-04-07,2026-04-16,2026-04-16,215.3,delivered
ord_fac_0009_med_oral_rehydration_salts_0002,fac_0009,med_oral_rehydration_salts,2026-04-28,2026-05-02,2026-05-02,191.2,delivered
ord_fac_0009_med_oral_rehydration_salts_0003,fac_0009,med_oral_rehydration_salts,2026-05-19,2026-05-25,2026-05-25,211.5,delivered
ord_fac_0009_med_oral_rehydration_salts_0004,fac_0009,med_oral_rehydration_salts,2026-06-09,2026-06-18,2026-06-18,211.7,delivered
ord_fac_0009_med_oral_rehydration_salts_0005,fac_0009,med_oral_rehydration_salts,2026-06-30,2026-07-03,2026-07-03,202.0,delivered
ord_fac_0009_med_oral_rehydration_salts_0006,fac_0009,med_oral_rehydration_salts,2026-07-21,2026-08-01,2026-07-31,190.6,delivered
ord_fac_0009_med_oral_rehydration_salts_0007,fac_0009,med_oral_rehydration_salts,2026-08-11,2026-08-17,2026-08-18,190.1,delivered
ord_fac_0009_med_oral_rehydration_salts_0008,fac_0009,med_oral_rehydration_salts,2026-09-01,2026-09-08,2026-09-07,245.9,delivered
ord_fac_0009_med_insulin_0000,fac_0009,med_insulin,2026-03-17,2026-03-26,2026-03-27,180.3,delivered
ord_fac_0009_med_insulin_0001,fac_0009,med_insulin,2026-04-07,2026-04-15,2026-04-23,229.6,delayed
ord_fac_0009_med_insulin_0002,fac_0009,med_insulin,2026-04-28,2026-05-08,2026-05-08,197.3,delivered
ord_fac_0009_med_insulin_0003,fac_0009,med_insulin,2026-05-19,2026-05-27,2026-05-26,186.9,delivered
ord_fac_0009_med_insulin_0004,fac_0009,med_insulin,2026-06-09,2026-06-16,2026-06-15,159.4,delivered
ord_fac_0009_med_insulin_0005,fac_0009,med_insulin,2026-06-30,2026-07-07,2026-07-06,209.6,delivered
ord_fac_0009_med_insulin_0006,fac_0009,med_insulin,2026-07-21,2026-07-27,2026-07-27,204.5,delivered
ord_fac_0009_med_insulin_0007,fac_0009,med_insulin,2026-08-11,2026-08-17,2026-08-17,235.4,delivered
ord_fac_0009_med_insulin_0008,fac_0009,med_insulin,2026-09-01,2026-09-08,,191.7,in_transit
ord_fac_0009_med_salbutamol_0000,fac_0009,med_salbutamol,2026-03-17,2026-03-23,2026-03-23,118.2,delivered
ord_fac_0009_med_salbutamol_0001,fac_0009,med_salbutamol,2026-04-07,2026-04-13,2026-04-13,99.5,delivered
ord_fac_0009_med_salbutamol_0002,fac_0009,med_salbutamol,2026-04-28,2026-05-08,2026-05-07,114.8,delivered
ord_fac_0009_med_salbutamol_0003,fac_0009,med_salbutamol,2026-05-19,2026-05-26,2026-05-26,132.5,delivered
ord_fac_0009_med_salbutamol_0004,fac_0009,med_salbutamol,2026-06-09,2026-06-20,2026-06-20,117.5,delivered
ord_fac_0009_med_salbutamol_0005,fac_0009,med_salbutamol,2026-06-30,2026-07-06,2026-07-06,95.1,delivered
ord_fac_0009_med_salbutamol_0006,fac_0009,med_salbutamol,2026-07-21,2026-07-29,2026-07-29,111.2,delivered
ord_fac_0009_med_salbutamol_0007,fac_0009,med_salbutamol,2026-08-11,2026-08-17,2026-08-17,109.0,delivered
ord_fac_0009_med_salbutamol_0008,fac_0009,med_salbutamol,2026-09-01,2026-09-10,2026-09-10,121.2,delivered
ord_fac_0009_med_ciprofloxacin_0000,fac_0009,med_ciprofloxacin,2026-03-17,2026-03-23,2026-03-23,102.3,delivered
ord_fac_0009_med_ciprofloxacin_0001,fac_0009,med_ciprofloxacin,2026-04-07,2026-04-11,2026-04-12,109.3,delivered
ord_fac_0009_med_ciprofloxacin_0002,fac_0009,med_ciprofloxacin,2026-04-28,2026-05-06,2026-05-06,133.2,delivered
ord_fac_0009_med_ciprofloxacin_0003,fac_0009,med_ciprofloxacin,2026-05-19,2026-05-26,2026-05-27,103.4,delivered
ord_fac_0009_med_ciprofloxacin_0004,fac_0009,med_ciprofloxacin,2026-06-09,2026-06-18,2026-06-18,103.9,delivered
ord_fac_0009_med_ciprofloxacin_0005,fac_0009,med_ciprofloxacin,2026-06-30,2026-07-08,2026-07-08,96.0,delivered
ord_fac_0009_med_ciprofloxacin_0006,fac_0009,med_ciprofloxacin,2026-07-21,2026-07-25,2026-07-26,99.3,delivered
ord_fac_0009_med_ciprofloxacin_0007,fac_0009,med_ciprofloxacin,2026-08-11,2026-08-18,2026-08-18,97.8,delivered
ord_fac_0009_med_ciprofloxacin_0008,fac_0009,med_ciprofloxacin,2026-09-01,2026-09-07,2026-09-07,93.6,delivered
ord_fac_0009_med_diazepam_0000,fac_0009,med_diazepam,2026-03-17,2026-03-23,2026-03-23,200.1,delivered
ord_fac_0009_med_diazepam_0001,fac_0009,med_diazepam,2026-04-07,2026-04-16,2026-04-16,197.9,delivered
ord_fac_0009_med_diazepam_0002,fac_0009,med_diazepam,2026-04-28,2026-05-03,2026-05-04,197.8,delivered
ord_fac_0009_med_diazepam_0003,fac_0009,med_diazepam,2026-05-19,2026-05-28,2026-05-28,213.2,delivered
ord_fac_0009_med_diazepam_0004,fac_0009,med_diazepam,2026-06-09,2026-06-15,2026-06-15,229.1,delivered
ord_fac_0009_med_diazepam_0005,fac_0009,med_diazepam,2026-06-30,2026-07-07,2026-07-07,189.2,delivered
ord_fac_0009_med_diazepam_0006,fac_0009,med_diazepam,2026-07-21,2026-07-27,2026-07-27,206.7,delivered
ord_fac_0009_med_diazepam_0007,fac_0009,med_diazepam,2026-08-11,2026-08-14,2026-08-19,221.2,delayed
ord_fac_0009_med_diazepam_0008,fac_0009,med_diazepam,2026-09-01,2026-09-09,2026-09-09,182.9,delivered
ord_fac_0009_med_folic_acid_0000,fac_0009,med_folic_acid,2026-03-17,2026-03-23,2026-03-23,108.9,delivered
ord_fac_0009_med_folic_acid_0001,fac_0009,med_folic_acid,2026-04-07,2026-04-11,2026-04-11,123.3,delivered
ord_fac_0009_med_folic_acid_0002,fac_0009,med_folic_acid,2026-04-28,2026-05-06,2026-05-06,101.4,delivered
ord_fac_0009_med_folic_acid_0003,fac_0009,med_folic_acid,2026-05-19,2026-05-26,2026-05-26,94.4,delivered
ord_fac_0009_med_folic_acid_0004,fac_0009,med_folic_acid,2026-06-09,2026-06-18,2026-06-18,129.0,delivered
ord_fac_0009_med_folic_acid_0005,fac_0009,med_folic_acid,2026-06-30,2026-07-06,2026-07-06,91.1,delivered
ord_fac_0009_med_folic_acid_0006,fac_0009,med_folic_acid,2026-07-21,2026-07-26,2026-07-27,121.7,delivered
ord_fac_0009_med_folic_acid_0007,fac_0009,med_folic_acid,2026-08-11,2026-08-19,2026-08-19,102.9,delivered
ord_fac_0009_med_folic_acid_0008,fac_0009,med_folic_acid,2026-09-01,2026-09-08,2026-09-07,117.7,delivered
ord_fac_0009_med_artesunate_0000,fac_0009,med_artesunate,2026-03-17,2026-03-23,2026-03-23,101.4,delivered
ord_fac_0009_med_artesunate_0001,fac_0009,med_artesunate,2026-04-07,2026-04-11,2026-04-11,99.5,delivered
ord_fac_0009_med_artesunate_0002,fac_0009,med_artesunate,2026-04-28,2026-05-04,2026-05-04,73.5,delivered
ord_fac_0009_med_artesunate_0003,fac_0009,med_artesunate,2026-05-19,2026-05-27,2026-05-27,107.1,delivered
ord_fac_0009_med_artesunate_0004,fac_0009,med_artesunate,2026-06-09,2026-06-18,2026-06-19,76.6,delivered
ord_fac_0009_med_artesunate_0005,fac_0009,med_artesunate,2026-06-30,2026-07-08,2026-07-07,86.2,delivered
ord_fac_0009_med_artesunate_0006,fac_0009,med_artesunate,2026-07-21,2026-07-26,2026-07-26,95.8,delivered
ord_fac_0009_med_artesunate_0007,fac_0009,med_artesunate,2026-08-11,2026-08-15,2026-08-15,90.0,delivered
ord_fac_0009_med_artesunate_0008,fac_0009,med_artesunate,2026-09-01,2026-09-05,2026-09-05,105.4,delivered
ord_fac_0009_med_oxytocin_0000,fac_0009,med_oxytocin,2026-03-17,2026-03-25,2026-03-31,100.9,delayed
ord_fac_0009_med_oxytocin_0001,fac_0009,med_oxytocin,2026-04-07,2026-04-15,2026-04-22,95.6,delayed
ord_fac_0009_med_oxytocin_0002,fac_0009,med_oxytocin,2026-04-28,2026-05-03,2026-05-11,86.3,delayed
ord_fac_0009_med_oxytocin_0003,fac_0009,med_oxytocin,2026-05-19,2026-05-29,2026-05-29,80.3,delivered
ord_fac_0009_med_oxytocin_0004,fac_0009,med_oxytocin,2026-06-09,2026-06-15,2026-06-14,98.4,delivered
ord_fac_0009_med_oxytocin_0005,fac_0009,med_oxytocin,2026-06-30,2026-07-07,2026-07-16,74.6,delayed
ord_fac_0009_med_oxytocin_0006,fac_0009,med_oxytocin,2026-07-21,2026-07-30,2026-07-30,77.3,delivered
ord_fac_0009_med_oxytocin_0007,fac_0009,med_oxytocin,2026-08-11,2026-08-17,2026-08-17,83.5,delivered
ord_fac_0009_med_oxytocin_0008,fac_0009,med_oxytocin,2026-09-01,2026-09-09,2026-09-09,86.5,delivered
ord_fac_0009_med_ringer_s_lactate_0000,fac_0009,med_ringer_s_lactate,2026-03-17,2026-03-25,2026-03-25,132.4,delivered
ord_fac_0009_med_ringer_s_lactate_0001,fac_0009,med_ringer_s_lactate,2026-04-07,2026-04-12,2026-04-12,164.5,delivered
ord_fac_0009_med_ringer_s_lactate_0002,fac_0009,med_ringer_s_lactate,2026-04-28,2026-05-05,2026-05-04,171.9,delivered
ord_fac_0009_med_ringer_s_lactate_0003,fac_0009,med_ringer_s_lactate,2026-05-19,2026-05-26,2026-05-25,186.4,delivered
ord_fac_0009_med_ringer_s_lactate_0004,fac_0009,med_ringer_s_lactate,2026-06-09,2026-06-18,2026-06-18,171.9,delivered
ord_fac_0009_med_ringer_s_lactate_0005,fac_0009,med_ringer_s_lactate,2026-06-30,2026-07-05,2026-07-05,185.2,delivered
ord_fac_0009_med_ringer_s_lactate_0006,fac_0009,med_ringer_s_lactate,2026-07-21,2026-07-29,2026-07-28,155.1,delivered
ord_fac_0009_med_ringer_s_lactate_0007,fac_0009,med_ringer_s_lactate,2026-08-11,2026-08-17,2026-08-17,136.6,delivered
ord_fac_0009_med_ringer_s_lactate_0008,fac_0009,med_ringer_s_lactate,2026-09-01,2026-09-02,2026-09-02,158.1,delivered
ord_fac_0009_med_isoniazid_0000,fac_0009,med_isoniazid,2026-03-17,2026-03-22,2026-03-21,213.8,delivered
ord_fac_0009_med_isoniazid_0001,fac_0009,med_isoniazid,2026-04-07,2026-04-17,2026-04-17,214.2,delivered
ord_fac_0009_med_isoniazid_0002,fac_0009,med_isoniazid,2026-04-28,2026-05-09,2026-05-09,224.5,delivered
ord_fac_0009_med_isoniazid_0003,fac_0009,med_isoniazid,2026-05-19,2026-05-29,2026-05-29,216.5,delivered
ord_fac_0009_med_isoniazid_0004,fac_0009,med_isoniazid,2026-06-09,2026-06-20,2026-06-20,201.1,delivered
ord_fac_0009_med_isoniazid_0005,fac_0009,med_isoniazid,2026-06-30,2026-07-07,2026-07-07,200.2,delivered
ord_fac_0009_med_isoniazid_0006,fac_0009,med_isoniazid,2026-07-21,2026-07-28,2026-07-28,225.5,delivered
ord_fac_0009_med_isoniazid_0007,fac_0009,med_isoniazid,2026-08-11,2026-08-18,2026-08-18,233.5,delivered
ord_fac_0009_med_isoniazid_0008,fac_0009,med_isoniazid,2026-09-01,2026-09-09,2026-09-09,168.0,delivered
ord_fac_0010_med_amoxicillin_0000,fac_0010,med_amoxicillin,2026-03-17,2026-03-27,2026-03-28,409.1,delivered
ord_fac_0010_med_amoxicillin_0001,fac_0010,med_amoxicillin,2026-04-07,2026-04-13,2026-04-13,469.2,delivered
ord_fac_0010_med_amoxicillin_0002,fac_0010,med_amoxicillin,2026-04-28,2026-05-06,2026-05-06,500.7,delivered
ord_fac_0010_med_amoxicillin_0003,fac_0010,med_amoxicillin,2026-05-19,2026-05-29,2026-05-29,538.1,delivered
ord_fac_0010_med_amoxicillin_0004,fac_0010,med_amoxicillin,2026-06-09,2026-06-18,2026-06-18,486.3,delivered
ord_fac_0010_med_amoxicillin_0005,fac_0010,med_amoxicillin,2026-06-30,2026-07-10,2026-07-10,498.1,delivered
ord_fac_0010_med_amoxicillin_0006,fac_0010,med_amoxicillin,2026-07-21,2026-07-26,2026-07-26,413.8,delivered
ord_fac_0010_med_amoxicillin_0007,fac_0010,med_amoxicillin,2026-08-11,2026-08-19,2026-08-19,448.6,delivered
ord_fac_0010_med_amoxicillin_0008,fac_0010,med_amoxicillin,2026-09-01,2026-09-09,2026-09-08,404.8,delivered
ord_fac_0010_med_paracetamol_0000,fac_0010,med_paracetamol,2026-03-17,2026-03-23,2026-03-23,434.6,delivered
ord_fac_0010_med_paracetamol_0001,fac_0010,med_paracetamol,2026-04-07,2026-04-11,2026-04-18,425.3,delayed
ord_fac_0010_med_paracetamol_0002,fac_0010,med_paracetamol,2026-04-28,2026-05-07,2026-05-08,366.1,delivered
ord_fac_0010_med_paracetamol_0003,fac_0010,med_paracetamol,2026-05-19,2026-05-24,2026-05-24,411.6,delivered
ord_fac_0010_med_paracetamol_0004,fac_0010,med_paracetamol,2026-06-09,2026-06-18,2026-06-18,350.6,delivered
ord_fac_0010_med_paracetamol_0005,fac_0010,med_paracetamol,2026-06-30,2026-07-11,2026-07-10,452.2,delivered
ord_fac_0010_med_paracetamol_0006,fac_0010,med_paracetamol,2026-07-21,2026-07-29,2026-07-29,445.9,delivered
ord_fac_0010_med_paracetamol_0007,fac_0010,med_paracetamol,2026-08-11,2026-08-15,2026-08-15,419.7,delivered
ord_fac_0010_med_paracetamol_0008,fac_0010,med_paracetamol,2026-09-01,2026-09-06,2026-09-06,375.9,delivered
ord_fac_0010_med_oral_rehydration_salts_0000,fac_0010,med_oral_rehydration_salts,2026-03-17,2026-03-26,2026-03-26,571.3,delivered
ord_fac_0010_med_oral_rehydration_salts_0001,fac_0010,med_oral_rehydration_salts,2026-04-07,2026-04-14,2026-04-14,424.9,delivered
ord_fac_0010_med_oral_rehydration_salts_0002,fac_0010,med_oral_rehydration_salts,2026-04-28,2026-05-10,2026-05-10,552.7,delivered
ord_fac_0010_med_oral_rehydration_salts_0003,fac_0010,med_oral_rehydration_salts,2026-05-19,2026-05-26,2026-05-30,503.9,delayed
ord_fac_0010_med_oral_rehydration_salts_0004,fac_0010,med_oral_rehydration_salts,2026-06-09,2026-06-18,2026-06-18,442.9,delivered
ord_fac_0010_med_oral_rehydration_salts_0005,fac_0010,med_oral_rehydration_salts,2026-06-30,2026-07-06,2026-07-05,476.4,delivered
ord_fac_0010_med_oral_rehydration_salts_0006,fac_0010,med_oral_rehydration_salts,2026-07-21,2026-07-30,2026-07-30,549.7,delivered
ord_fac_0010_med_oral_rehydration_salts_0007,fac_0010,med_oral_rehydration_salts,2026-08-11,2026-08-17,2026-08-17,541.2,delivered
ord_fac_0010_med_oral_rehydration_salts_0008,fac_0010,med_oral_rehydration_salts,2026-09-01,2026-09-09,2026-09-09,557.1,delivered
ord_fac_0010_med_insulin_0000,fac_0010,med_insulin,2026-03-17,2026-03-26,2026-03-25,297.9,delivered
ord_fac_0010_med_insulin_0001,fac_0010,med_insulin,2026-04-07,2026-04-17,2026-04-18,280.7,delivered
ord_fac_0010_med_insulin_0002,fac_0010,med_insulin,2026-04-28,2026-05-02,2026-05-06,347.3,delayed
ord_fac_0010_med_insulin_0003,fac_0010,med_insulin,2026-05-19,2026-05-24,2026-05-24,355.8,delivered
ord_fac_0010_med_insulin_0004,fac_0010,med_insulin,2026-06-09,2026-06-15,2026-06-14,337.0,delivered
ord_fac_0010_med_insulin_0005,fac_0010,med_insulin,2026-06-30,2026-07-04,2026-07-04,311.8,delivered
ord_fac_0010_med_insulin_0006,fac_0010,med_insulin,2026-07-21,2026-07-23,2026-07-24,284.6,delivered
ord_fac_0010_med_insulin_0007,fac_0010,med_insulin,2026-08-11,2026-08-19,2026-08-19,293.4,delivered
ord_fac_0010_med_insulin_0008,fac_0010,med_insulin,2026-09-01,2026-09-07,2026-09-07,304.5,delivered
ord_fac_0010_med_salbutamol_0000,fac_0010,med_salbutamol,2026-03-17,2026-03-26,2026-03-26,492.5,delivered
ord_fac_0010_med_salbutamol_0001,fac_0010,med_salbutamol,2026-04-07,2026-04-11,2026-04-11,529.4,delivered
ord_fac_0010_med_salbutamol_0002,fac_0010,med_salbutamol,2026-04-28,2026-05-08,2026-05-14,604.6,delayed
ord_fac_0010_med_salbutamol_0003,fac_0010,med_salbutamol,2026-05-19,2026-05-26,2026-05-26,483.2,delivered
ord_fac_0010_med_salbutamol_0004,fac_0010,med_salbutamol,2026-06-09,2026-06-15,2026-06-16,413.6,delivered
ord_fac_0010_med_salbutamol_0005,fac_0010,med_salbutamol,2026-06-30,2026-07-05,2026-07-06,429.3,delivered
ord_fac_0010_med_salbutamol_0006,fac_0010,med_salbutamol,2026-07-21,2026-07-26,2026-07-26,472.3,delivered
ord_fac_0010_med_salbutamol_0007,fac_0010,med_salbutamol,2026-08-11,2026-08-19,2026-08-19,588.9,delivered
ord_fac_0010_med_salbutamol_0008,fac_0010,med_salbutamol,2026-09-01,2026-09-10,2026-09-11,553.5,delivered
ord_fac_0010_med_ciprofloxacin_0000,fac_0010,med_ciprofloxacin,2026-03-17,2026-03-24,2026-03-23,396.3,delivered
ord_fac_0010_med_ciprofloxacin_0001,fac_0010,med_ciprofloxacin,2026-04-07,2026-04-14,2026-04-15,328.0,delivered
ord_fac_0010_med_ciprofloxacin_0002,fac_0010,med_ciprofloxacin,2026-04-28,2026-05-05,2026-05-05,358.5,delivered
ord_fac_0010_med_ciprofloxacin_0003,fac_0010,med_ciprofloxacin,2026-05-19,2026-05-25,2026-05-25,360.1,delivered
ord_fac_0010_med_ciprofloxacin_0004,fac_0010,med_ciprofloxacin,2026-06-09,2026-06-17,2026-06-17,405.9,delivered
ord_fac_0010_med_ciprofloxacin_0005,fac_0010,med_ciprofloxacin,2026-06-30,2026-07-09,2026-07-14,305.9,delayed
ord_fac_0010_med_ciprofloxacin_0006,fac_0010,med_ciprofloxacin,2026-07-21,2026-07-24,2026-07-24,365.2,delivered
ord_fac_0010_med_ciprofloxacin_0007,fac_0010,med_ciprofloxacin,2026-08-11,2026-08-18,2026-08-18,328.3,delivered
ord_fac_0010_med_ciprofloxacin_0008,fac_0010,med_ciprofloxacin,2026-09-01,2026-09-12,2026-09-12,397.0,delivered
ord_fac_0010_med_diazepam_0000,fac_0010,med_diazepam,2026-03-17,2026-03-20,2026-03-20,429.2,delivered
ord_fac_0010_med_diazepam_0001,fac_0010,med_diazepam,2026-04-07,2026-04-14,2026-04-14,477.6,delivered
ord_fac_0010_med_diazepam_0002,fac_0010,med_diazepam,2026-04-28,2026-05-05,2026-05-05,383.4,delivered
ord_fac_0010_med_diazepam_0003,fac_0010,med_diazepam,2026-05-19,2026-05-25,2026-05-25,385.6,delivered
ord_fac_0010_med_diazepam_0004,fac_0010,med_diazepam,2026-06-09,2026-06-15,2026-06-16,400.5,delivered
ord_fac_0010_med_diazepam_0005,fac_0010,med_diazepam,2026-06-30,2026-07-07,2026-07-07,461.2,delivered
ord_fac_0010_med_diazepam_0006,fac_0010,med_diazepam,2026-07-21,2026-07-27,2026-07-27,430.7,delivered
ord_fac_0010_med_diazepam_0007,fac_0010,med_diazepam,2026-08-11,2026-08-14,2026-08-19,439.9,delayed
ord_fac_0010_med_diazepam_0008,fac_0010,med_diazepam,2026-09-01,2026-09-09,,342.6,in_transit
ord_fac_0010_med_folic_acid_0000,fac_0010,med_folic_acid,2026-03-17,2026-03-25,2026-03-25,213.8,delivered
ord_fac_0010_med_folic_acid_0001,fac_0010,med_folic_acid,2026-04-07,2026-04-13,2026-04-20,149.2,delayed
ord_fac_0010_med_folic_acid_0002,fac_0010,med_folic_acid,2026-04-28,2026-05-08,2026-05-07,170.6,delivered
ord_fac_0010_med_folic_acid_0003,fac_0010,med_folic_acid,2026-05-19,2026-05-26,2026-05-26,196.9,delivered
ord_fac_0010_med_folic_acid_0004,fac_0010,med_folic_acid,2026-06-09,2026-06-15,2026-06-19,190.0,delayed
ord_fac_0010_med_folic_acid_0005,fac_0010,med_folic_acid,2026-06-30,2026-07-05,2026-07-05,163.3,delivered
ord_fac_0010_med_folic_acid_0006,fac_0010,med_folic_acid,2026-07-21,2026-07-26,2026-07-26,199.6,delivered
ord_fac_0010_med_folic_acid_0007,fac_0010,med_folic_acid,2026-08-11,2026-08-20,2026-08-20,215.3,delivered
ord_fac_0010_med_folic_acid_0008,fac_0010,med_folic_acid,2026-09-01,2026-09-09,2026-09-08,210.0,delivered
ord_fac_0010_med_artesunate_0000,fac_0010,med_artesunate,2026-03-17,2026-03-24,2026-03-25,434.0,delivered
ord_fac_0010_med_artesunate_0001,fac_0010,med_artesunate,2026-04-07,2026-04-15,2026-04-15,425.6,delivered
ord_fac_0010_med_artesunate_0002,fac_0010,med_artesunate,2026-04-28,2026-05-05,2026-05-05,468.7,delivered
ord_fac_0010_med_artesunate_0003,fac_0010,med_artesunate,2026-05-19,2026-05-26,2026-05-26,451.6,delivered
ord_fac_0010_med_artesunate_0004,fac_0010,med_artesunate,2026-06-09,2026-06-16,2026-06-16,461.9,delivered
ord_fac_0010_med_artesunate_0005,fac_0010,med_artesunate,2026-06-30,2026-07-07,2026-07-06,348.5,delivered
ord_fac_0010_med_artesunate_0006,fac_0010,med_artesunate,2026-07-21,2026-07-25,2026-07-25,478.6,delivered
ord_fac_0010_med_artesunate_0007,fac_0010,med_artesunate,2026-08-11,2026-08-18,2026-08-18,441.4,delivered
ord_fac_0010_med_artesunate_0008,fac_0010,med_artesunate,2026-09-01,2026-09-08,2026-09-09,469.0,delivered
ord_fac_0010_med_oxytocin_0000,fac_0010,med_oxytocin,2026-03-17,2026-03-23,2026-03-23,313.2,delivered
ord_fac_0010_med_oxytocin_0001,fac_0010,med_oxytocin,2026-04-07,2026-04-15,2026-04-15,303.4,delivered
ord_fac_0010_med_oxytocin_0002,fac_0010,med_oxytocin,2026-04-28,2026-05-06,2026-05-06,321.7,delivered
ord_fac_0010_med_oxytocin_0003,fac_0010,med_oxytocin,2026-05-19,2026-05-25,2026-05-25,344.0,delivered
ord_fac_0010_med_oxytocin_0004,fac_0010,med_oxytocin,2026-06-09,2026-06-14,2026-06-14,382.8,delivered
ord_fac_0010_med_oxytocin_0005,fac_0010,med_oxytocin,2026-06-30,2026-07-10,2026-07-10,311.1,delivered
ord_fac_0010_med_oxytocin_0006,fac_0010,med_oxytocin,2026-07-21,2026-07-30,2026-07-30,421.1,delivered
ord_fac_0010_med_oxytocin_0007,fac_0010,med_oxytocin,2026-08-11,2026-08-17,2026-08-17,335.0,delivered
ord_fac_0010_med_oxytocin_0008,fac_0010,med_oxytocin,2026-09-01,2026-09-10,2026-09-12,319.9,delayed
ord_fac_0010_med_ringer_s_lactate_0000,fac_0010,med_ringer_s_lactate,2026-03-17,2026-03-25,2026-03-25,198.3,delivered
ord_fac_0010_med_ringer_s_lactate_0001,fac_0010,med_ringer_s_lactate,2026-04-07,2026-04-14,2026-04-14,166.7,delivered
ord_fac_0010_med_ringer_s_lactate_0002,fac_0010,med_ringer_s_lactate,2026-04-28,2026-05-03,2026-05-03,181.7,delivered
ord_fac_0010_med_ringer_s_lactate_0003,fac_0010,med_ringer_s_lactate,2026-05-19,2026-05-27,2026-05-27,164.5,delivered
ord_fac_0010_med_ringer_s_lactate_0004,fac_0010,med_ringer_s_lactate,2026-06-09,2026-06-19,2026-06-19,176.4,delivered
ord_fac_0010_med_ringer_s_lactate_0005,fac_0010,med_ringer_s_lactate,2026-06-30,2026-07-06,2026-07-07,209.1,delivered
ord_fac_0010_med_ringer_s_lactate_0006,fac_0010,med_ringer_s_lactate,2026-07-21,2026-07-26,2026-07-26,188.3,delivered
ord_fac_0010_med_ringer_s_lactate_0007,fac_0010,med_ringer_s_lactate,2026-08-11,2026-08-19,2026-08-18,176.2,delivered
ord_fac_0010_med_ringer_s_lactate_0008,fac_0010,med_ringer_s_lactate,2026-09-01,2026-09-09,2026-09-09,181.6,delivered
ord_fac_0010_med_isoniazid_0000,fac_0010,med_isoniazid,2026-03-17,2026-03-22,2026-03-23,297.9,delivered
ord_fac_0010_med_isoniazid_0001,fac_0010,med_isoniazid,2026-04-07,2026-04-17,2026-04-17,228.3,delivered
ord_fac_0010_med_isoniazid_0002,fac_0010,med_isoniazid,2026-04-28,2026-05-08,2026-05-08,307.5,delivered
ord_fac_0010_med_isoniazid_0003,fac_0010,med_isoniazid,2026-05-19,2026-05-24,2026-05-24,301.7,delivered
ord_fac_0010_med_isoniazid_0004,fac_0010,med_isoniazid,2026-06-09,2026-06-16,2026-06-17,241.3,delivered
ord_fac_0010_med_isoniazid_0005,fac_0010,med_isoniazid,2026-06-30,2026-07-08,2026-07-08,243.1,delivered
ord_fac_0010_med_isoniazid_0006,fac_0010,med_isoniazid,2026-07-21,2026-07-31,2026-07-31,324.9,delivered
ord_fac_0010_med_isoniazid_0007,fac_0010,med_isoniazid,2026-08-11,2026-08-17,2026-08-17,323.9,delivered
ord_fac_0010_med_isoniazid_0008,fac_0010,med_isoniazid,2026-09-01,2026-09-07,2026-09-07,315.0,delivered
ord_fac_0011_med_amoxicillin_0000,fac_0011,med_amoxicillin,2026-03-17,2026-03-26,2026-03-26,146.5,delivered
ord_fac_0011_med_amoxicillin_0001,fac_0011,med_amoxicillin,2026-04-07,2026-04-12,2026-04-12,147.5,delivered
ord_fac_0011_med_amoxicillin_0002,fac_0011,med_amoxicillin,2026-04-28,2026-05-03,2026-05-03,113.8,delivered
ord_fac_0011_med_amoxicillin_0003,fac_0011,med_amoxicillin,2026-05-19,2026-05-25,2026-06-01,116.2,delayed
ord_fac_0011_med_amoxicillin_0004,fac_0011,med_amoxicillin,2026-06-09,2026-06-17,2026-06-16,109.8,delivered
ord_fac_0011_med_amoxicillin_0005,fac_0011,med_amoxicillin,2026-06-30,2026-07-06,2026-07-06,106.8,delivered
ord_fac_0011_med_amoxicillin_0006,fac_0011,med_amoxicillin,2026-07-21,2026-07-27,2026-07-27,104.8,delivered
ord_fac_0011_med_amoxicillin_0007,fac_0011,med_amoxicillin,2026-08-11,2026-08-16,2026-08-16,153.6,delivered
ord_fac_0011_med_amoxicillin_0008,fac_0011,med_amoxicillin,2026-09-01,2026-09-09,2026-09-09,116.2,delivered
ord_fac_0011_med_paracetamol_0000,fac_0011,med_paracetamol,2026-03-17,2026-03-22,2026-03-30,99.5,delayed
ord_fac_0011_med_paracetamol_0001,fac_0011,med_paracetamol,2026-04-07,2026-04-14,2026-04-14,70.5,delivered
ord_fac_0011_med_paracetamol_0002,fac_0011,med_paracetamol,2026-04-28,2026-05-01,2026-05-01,77.7,delivered
ord_fac_0011_med_paracetamol_0003,fac_0011,med_paracetamol,2026-05-19,2026-05-27,2026-05-27,94.2,delivered
ord_fac_0011_med_paracetamol_0004,fac_0011,med_paracetamol,2026-06-09,2026-06-15,2026-06-15,89.7,delivered
ord_fac_0011_med_paracetamol_0005,fac_0011,med_paracetamol,2026-06-30,2026-07-10,2026-07-11,78.9,delivered
ord_fac_0011_med_paracetamol_0006,fac_0011,med_paracetamol,2026-07-21,2026-07-27,2026-07-27,74.6,delivered
ord_fac_0011_med_paracetamol_0007,fac_0011,med_paracetamol,2026-08-11,2026-08-17,2026-08-18,87.8,delivered
ord_fac_0011_med_paracetamol_0008,fac_0011,med_paracetamol,2026-09-01,2026-09-08,2026-09-08,102.6,delivered
ord_fac_0011_med_oral_rehydration_salts_0000,fac_0011,med_oral_rehydration_salts,2026-03-17,2026-03-20,2026-03-20,208.0,delivered
ord_fac_0011_med_oral_rehydration_salts_0001,fac_0011,med_oral_rehydration_salts,2026-04-07,2026-04-13,2026-04-15,170.3,delayed
ord_fac_0011_med_oral_rehydration_salts_0002,fac_0011,med_oral_rehydration_salts,2026-04-28,2026-05-04,2026-05-04,211.0,delivered
ord_fac_0011_med_oral_rehydration_salts_0003,fac_0011,med_oral_rehydration_salts,2026-05-19,2026-05-25,2026-05-26,169.6,delivered
ord_fac_0011_med_oral_rehydration_salts_0004,fac_0011,med_oral_rehydration_salts,2026-06-09,2026-06-15,2026-06-15,150.3,delivered
ord_fac_0011_med_oral_rehydration_salts_0005,fac_0011,med_oral_rehydration_salts,2026-06-30,2026-07-08,2026-07-09,195.6,delivered
ord_fac_0011_med_oral_rehydration_salts_0006,fac_0011,med_oral_rehydration_salts,2026-07-21,2026-07-29,2026-07-29,195.8,delivered
ord_fac_0011_med_oral_rehydration_salts_0007,fac_0011,med_oral_rehydration_salts,2026-08-11,2026-08-18,2026-08-18,160.5,delivered
ord_fac_0011_med_oral_rehydration_salts_0008,fac_0011,med_oral_rehydration_salts,2026-09-01,2026-09-07,2026-09-07,153.8,delivered
ord_fac_0011_med_insulin_0000,fac_0011,med_insulin,2026-03-17,2026-03-24,2026-03-24,73.9,delivered
ord_fac_0011_med_insulin_0001,fac_0011,med_insulin,2026-04-07,2026-04-14,2026-04-13,84.7,delivered
ord_fac_0011_med_insulin_0002,fac_0011,med_insulin,2026-04-28,2026-05-03,2026-05-03,92.6,delivered
ord_fac_0011_med_insulin_0003,fac_0011,med_insulin,2026-05-19,2026-05-26,2026-05-26,95.3,delivered
ord_fac_0011_med_insulin_0004,fac_0011,med_insulin,2026-06-09,2026-06-18,2026-06-18,89.1,delivered
ord_fac_0011_med_insulin_0005,fac_0011,med_insulin,2026-06-30,2026-07-07,2026-07-07,95.5,delivered
ord_fac_0011_med_insulin_0006,fac_0011,med_insulin,2026-07-21,2026-07-25,2026-07-25,74.0,delivered
ord_fac_0011_med_insulin_0007,fac_0011,med_insulin,2026-08-11,2026-08-20,2026-08-20,86.8,delivered
ord_fac_0011_med_insulin_0008,fac_0011,med_insulin,2026-09-01,2026-09-09,2026-09-09,71.8,delivered
ord_fac_0011_med_salbutamol_0000,fac_0011,med_salbutamol,2026-03-17,2026-03-23,2026-03-23,186.9,delivered
ord_fac_0011_med_salbutamol_0001,fac_0011,med_salbutamol,2026-04-07,2026-04-11,2026-04-11,157.0,delivered
ord_fac_0011_med_salbutamol_0002,fac_0011,med_salbutamol,2026-04-28,2026-05-06,2026-05-06,145.9,delivered
ord_fac_0011_med_salbutamol_0003,fac_0011,med_salbutamol,2026-05-19,2026-05-26,2026-05-26,177.9,delivered
ord_fac_0011_med_salbutamol_0004,fac_0011,med_salbutamol,2026-06-09,2026-06-18,2026-06-21,145.7,delayed
ord_fac_0011_med_salbutamol_0005,fac_0011,med_salbutamol,2026-06-30,2026-07-08,2026-07-09,145.2,delivered
ord_fac_0011_med_salbutamol_0006,fac_0011,med_salbutamol,2026-07-21,2026-07-24,2026-07-24,143.6,delivered
ord_fac_0011_med_salbutamol_0007,fac_0011,med_salbutamol,2026-08-11,2026-08-21,2026-08-22,166.2,delivered
ord_fac_0011_med_salbutamol_0008,fac_0011,med_salbutamol,2026-09-01,2026-09-07,2026-09-07,156.1,delivered
ord_fac_0011_med_ciprofloxacin_0000,fac_0011,med_ciprofloxacin,2026-03-17,2026-03-25,2026-03-25,171.9,delivered
ord_fac_0011_med_ciprofloxacin_0001,fac_0011,med_ciprofloxacin,2026-04-07,2026-04-15,2026-04-15,183.6,delivered
ord_fac_0011_med_ciprofloxacin_0002,fac_0011,med_ciprofloxacin,2026-04-28,2026-05-06,2026-05-06,194.8,delivered
ord_fac_0011_med_ciprofloxacin_0003,fac_0011,med_ciprofloxacin,2026-05-19,2026-05-26,2026-05-25,174.6,delivered
ord_fac_0011_med_ciprofloxacin_0004,fac_0011,med_ciprofloxacin,2026-06-09,2026-06-16,2026-06-16,179.9,delivered
ord_fac_0011_med_ciprofloxacin_0005,fac_0011,med_ciprofloxacin,2026-06-30,2026-07-07,2026-07-17,163.7,delayed
ord_fac_0011_med_ciprofloxacin_0006,fac_0011,med_ciprofloxacin,2026-07-21,2026-07-31,2026-07-31,167.0,delivered
ord_fac_0011_med_ciprofloxacin_0007,fac_0011,med_ciprofloxacin,2026-08-11,2026-08-17,2026-08-17,192.5,delivered
ord_fac_0011_med_ciprofloxacin_0008,fac_0011,med_ciprofloxacin,2026-09-01,2026-09-09,2026-09-10,149.7,delivered
ord_fac_0011_med_diazepam_0000,fac_0011,med_diazepam,2026-03-17,2026-03-24,2026-03-24,112.0,delivered
ord_fac_0011_med_diazepam_0001,fac_0011,med_diazepam,2026-04-07,2026-04-13,2026-04-21,97.8,delayed
ord_fac_0011_med_diazepam_0002,fac_0011,med_diazepam,2026-04-28,2026-05-08,2026-05-08,79.3,delivered
ord_fac_0011_med_diazepam_0003,fac_0011,med_diazepam,2026-05-19,2026-05-23,2026-05-27,77.6,delayed
ord_fac_0011_med_diazepam_0004,fac_0011,med_diazepam,2026-06-09,2026-06-19,2026-06-19,95.7,delivered
ord_fac_0011_med_diazepam_0005,fac_0011,med_diazepam,2026-06-30,2026-07-09,2026-07-09,109.0,delivered
ord_fac_0011_med_diazepam_0006,fac_0011,med_diazepam,2026-07-21,2026-07-24,2026-07-24,83.1,delivered
ord_fac_0011_med_diazepam_0007,fac_0011,med_diazepam,2026-08-11,2026-08-18,2026-08-24,90.2,delayed
ord_fac_0011_med_diazepam_0008,fac_0011,med_diazepam,2026-09-01,2026-09-09,2026-09-08,86.3,delivered
ord_fac_0011_med_folic_acid_0000,fac_0011,med_folic_acid,2026-03-17,2026-03-24,2026-03-24,150.8,delivered
ord_fac_0011_med_folic_acid_0001,fac_0011,med_folic_acid,2026-04-07,2026-04-10,2026-04-10,159.1,delivered
ord_fac_0011_med_folic_acid_0002,fac_0011,med_folic_acid,2026-04-28,2026-05-03,2026-05-03,163.1,delivered
ord_fac_0011_med_folic_acid_0003,fac_0011,med_folic_acid,2026-05-19,2026-05-28,2026-05-28,171.4,delivered
ord_fac_0011_med_folic_acid_0004,fac_0011,med_folic_acid,2026-06-09,2026-06-13,2026-06-13,136.0,delivered
ord_fac_0011_med_folic_acid_0005,fac_0011,med_folic_acid,2026-06-30,2026-07-08,2026-07-08,162.6,delivered
ord_fac_0011_med_folic_acid_0006,fac_0011,med_folic_acid,2026-07-21,2026-07-28,2026-08-04,121.4,delayed
ord_fac_0011_med_folic_acid_0007,fac_0011,med_folic_acid,2026-08-11,2026-08-17,2026-08-17,133.3,delivered
ord_fac_0011_med_folic_acid_0008,fac_0011,med_folic_acid,2026-09-01,2026-09-08,2026-09-08,165.5,delivered
ord_fac_0011_med_artesunate_0000,fac_0011,med_artesunate,2026-03-17,2026-03-25,2026-03-24,126.3,delivered
ord_fac_0011_med_artesunate_0001,fac_0011,med_artesunate,2026-04-07,2026-04-13,2026-04-13,164.2,delivered
ord_fac_0011_med_artesunate_0002,fac_0011,med_artesunate,2026-04-28,2026-05-03,2026-05-11,139.4,delayed
ord_fac_0011_med_artesunate_0003,fac_0011,med_artesunate,2026-05-19,2026-05-27,2026-05-30,140.2,delayed
ord_fac_0011_med_artesunate_0004,fac_0011,med_artesunate,2026-06-09,2026-06-16,2026-06-21,149.5,delayed
ord_fac_0011_med_artesunate_0005,fac_0011,med_artesunate,2026-06-30,2026-07-04,2026-07-04,129.9,delivered
ord_fac_0011_med_artesunate_0006,fac_0011,med_artesunate,2026-07-21,2026-07-25,2026-07-26,149.2,delivered
ord_fac_0011_med_artesunate_0007,fac_0011,med_artesunate,2026-08-11,2026-08-19,2026-08-19,162.9,delivered
ord_fac_0011_med_artesunate_0008,fac_0011,med_artesunate,2026-09-01,2026-09-08,2026-09-08,164.4,delivered
ord_fac_0011_med_oxytocin_0000,fac_0011,med_oxytocin,2026-03-17,2026-03-26,2026-03-27,158.0,delivered
ord_fac_0011_med_oxytocin_0001,fac_0011,med_oxytocin,2026-04-07,2026-04-10,2026-04-10,205.0,delivered
ord_fac_0011_med_oxytocin_0002,fac_0011,med_oxytocin,2026-04-28,2026-05-07,2026-05-06,199.7,delivered
ord_fac_0011_med_oxytocin_0003,fac_0011,med_oxytocin,2026-05-19,2026-05-25,2026-05-25,144.5,delivered
ord_fac_0011_med_oxytocin_0004,fac_0011,med_oxytocin,2026-06-09,2026-06-16,2026-06-16,155.8,delivered
ord_fac_0011_med_oxytocin_0005,fac_0011,med_oxytocin,2026-06-30,2026-07-06,2026-07-07,203.9,delivered
ord_fac_0011_med_oxytocin_0006,fac_0011,med_oxytocin,2026-07-21,2026-07-27,2026-07-28,145.8,delivered
ord_fac_0011_med_oxytocin_0007,fac_0011,med_oxytocin,2026-08-11,2026-08-18,2026-08-18,195.9,delivered
ord_fac_0011_med_oxytocin_0008,fac_0011,med_oxytocin,2026-09-01,2026-09-12,2026-09-13,208.9,delivered
ord_fac_0011_med_ringer_s_lactate_0000,fac_0011,med_ringer_s_lactate,2026-03-17,2026-03-21,2026-03-21,165.0,delivered
ord_fac_0011_med_ringer_s_lactate_0001,fac_0011,med_ringer_s_lactate,2026-04-07,2026-04-13,2026-04-13,154.6,delivered
ord_fac_0011_med_ringer_s_lactate_0002,fac_0011,med_ringer_s_lactate,2026-04-28,2026-05-02,2026-05-02,185.8,delivered
ord_fac_0011_med_ringer_s_lactate_0003,fac_0011,med_ringer_s_lactate,2026-05-19,2026-05-31,2026-06-01,131.8,delivered
ord_fac_0011_med_ringer_s_lactate_0004,fac_0011,med_ringer_s_lactate,2026-06-09,2026-06-14,2026-06-14,152.1,delivered
ord_fac_0011_med_ringer_s_lactate_0005,fac_0011,med_ringer_s_lactate,2026-06-30,2026-07-05,2026-07-05,187.2,delivered
ord_fac_0011_med_ringer_s_lactate_0006,fac_0011,med_ringer_s_lactate,2026-07-21,2026-07-27,2026-07-28,161.0,delivered
ord_fac_0011_med_ringer_s_lactate_0007,fac_0011,med_ringer_s_lactate,2026-08-11,2026-08-17,2026-08-17,136.1,delivered
ord_fac_0011_med_ringer_s_lactate_0008,fac_0011,med_ringer_s_lactate,2026-09-01,2026-09-07,2026-09-07,161.3,delivered
ord_fac_0011_med_isoniazid_0000,fac_0011,med_isoniazid,2026-03-17,2026-03-26,2026-03-27,148.4,delivered
ord_fac_0011_med_isoniazid_0001,fac_0011,med_isoniazid,2026-04-07,2026-04-12,2026-04-12,145.2,delivered
ord_fac_0011_med_isoniazid_0002,fac_0011,med_isoniazid,2026-04-28,2026-05-03,2026-05-04,106.7,delivered
ord_fac_0011_med_isoniazid_0003,fac_0011,med_isoniazid,2026-05-19,2026-05-24,2026-05-24,137.5,delivered
ord_fac_0011_med_isoniazid_0004,fac_0011,med_isoniazid,2026-06-09,2026-06-18,2026-06-19,146.2,delivered
ord_fac_0011_med_isoniazid_0005,fac_0011,med_isoniazid,2026-06-30,2026-07-05,2026-07-05,120.1,delivered
ord_fac_0011_med_isoniazid_0006,fac_0011,med_isoniazid,2026-07-21,2026-07-28,2026-08-01,127.1,delayed
ord_fac_0011_med_isoniazid_0007,fac_0011,med_isoniazid,2026-08-11,2026-08-20,2026-08-20,134.1,delivered
ord_fac_0011_med_isoniazid_0008,fac_0011,med_isoniazid,2026-09-01,2026-09-05,2026-09-05,144.8,delivered
ord_fac_0012_med_amoxicillin_0000,fac_0012,med_amoxicillin,2026-03-17,2026-03-22,2026-03-22,374.4,delivered
ord_fac_0012_med_amoxicillin_0001,fac_0012,med_amoxicillin,2026-04-07,2026-04-13,2026-04-14,410.8,delivered
ord_fac_0012_med_amoxicillin_0002,fac_0012,med_amoxicillin,2026-04-28,2026-05-05,2026-05-05,466.5,delivered
ord_fac_0012_med_amoxicillin_0003,fac_0012,med_amoxicillin,2026-05-19,2026-05-24,2026-05-24,373.9,delivered
ord_fac_0012_med_amoxicillin_0004,fac_0012,med_amoxicillin,2026-06-09,2026-06-20,2026-06-19,410.9,delivered
ord_fac_0012_med_amoxicillin_0005,fac_0012,med_amoxicillin,2026-06-30,2026-07-07,2026-07-07,354.8,delivered
ord_fac_0012_med_amoxicillin_0006,fac_0012,med_amoxicillin,2026-07-21,2026-07-29,2026-07-29,352.1,delivered
ord_fac_0012_med_amoxicillin_0007,fac_0012,med_amoxicillin,2026-08-11,2026-08-16,2026-08-17,411.5,delivered
ord_fac_0012_med_amoxicillin_0008,fac_0012,med_amoxicillin,2026-09-01,2026-09-10,2026-09-10,433.0,delivered
ord_fac_0012_med_paracetamol_0000,fac_0012,med_paracetamol,2026-03-17,2026-03-23,2026-03-23,514.7,delivered
ord_fac_0012_med_paracetamol_0001,fac_0012,med_paracetamol,2026-04-07,2026-04-11,2026-04-10,404.1,delivered
ord_fac_0012_med_paracetamol_0002,fac_0012,med_paracetamol,2026-04-28,2026-05-05,2026-05-05,488.8,delivered
ord_fac_0012_med_paracetamol_0003,fac_0012,med_paracetamol,2026-05-19,2026-05-28,2026-05-28,355.9,delivered
ord_fac_0012_med_paracetamol_0004,fac_0012,med_paracetamol,2026-06-09,2026-06-16,2026-06-15,416.4,delivered
ord_fac_0012_med_paracetamol_0005,fac_0012,med_paracetamol,2026-06-30,2026-07-07,2026-07-07,470.5,delivered
ord_fac_0012_med_paracetamol_0006,fac_0012,med_paracetamol,2026-07-21,2026-07-27,2026-07-27,512.3,delivered
ord_fac_0012_med_paracetamol_0007,fac_0012,med_paracetamol,2026-08-11,2026-08-16,2026-08-16,386.7,delivered
ord_fac_0012_med_paracetamol_0008,fac_0012,med_paracetamol,2026-09-01,2026-09-09,2026-09-09,491.2,delivered
ord_fac_0012_med_oral_rehydration_salts_0000,fac_0012,med_oral_rehydration_salts,2026-03-17,2026-03-23,2026-03-25,438.7,delayed
ord_fac_0012_med_oral_rehydration_salts_0001,fac_0012,med_oral_rehydration_salts,2026-04-07,2026-04-16,2026-04-16,494.6,delivered
ord_fac_0012_med_oral_rehydration_salts_0002,fac_0012,med_oral_rehydration_salts,2026-04-28,2026-05-05,2026-05-05,513.1,delivered
ord_fac_0012_med_oral_rehydration_salts_0003,fac_0012,med_oral_rehydration_salts,2026-05-19,2026-05-28,2026-05-28,580.1,delivered
ord_fac_0012_med_oral_rehydration_salts_0004,fac_0012,med_oral_rehydration_salts,2026-06-09,2026-06-13,2026-06-13,521.4,delivered
ord_fac_0012_med_oral_rehydration_salts_0005,fac_0012,med_oral_rehydration_salts,2026-06-30,2026-07-09,2026-07-08,459.3,delivered
ord_fac_0012_med_oral_rehydration_salts_0006,fac_0012,med_oral_rehydration_salts,2026-07-21,2026-07-29,2026-07-29,513.7,delivered
ord_fac_0012_med_oral_rehydration_salts_0007,fac_0012,med_oral_rehydration_salts,2026-08-11,2026-08-15,2026-08-16,426.4,delivered
ord_fac_0012_med_oral_rehydration_salts_0008,fac_0012,med_oral_rehydration_salts,2026-09-01,2026-09-09,2026-09-09,585.4,delivered
ord_fac_0012_med_insulin_0000,fac_0012,med_insulin,2026-03-17,2026-03-23,2026-03-23,418.0,delivered
ord_fac_0012_med_insulin_0001,fac_0012,med_insulin,2026-04-07,2026-04-11,2026-04-11,521.9,delivered
ord_fac_0012_med_insulin_0002,fac_0012,med_insulin,2026-04-28,2026-05-03,2026-05-03,540.6,delivered
ord_fac_0012_med_insulin_0003,fac_0012,med_insulin,2026-05-19,2026-05-25,2026-05-25,499.0,delivered
ord_fac_0012_med_insulin_0004,fac_0012,med_insulin,2026-06-09,2026-06-16,2026-06-16,463.2,delivered
ord_fac_0012_med_insulin_0005,fac_0012,med_insulin,2026-06-30,2026-07-06,2026-07-06,533.4,delivered
ord_fac_0012_med_insulin_0006,fac_0012,med_insulin,2026-07-21,2026-07-27,2026-07-27,527.2,delivered
ord_fac_0012_med_insulin_0007,fac_0012,med_insulin,2026-08-11,2026-08-17,2026-08-17,573.8,delivered
ord_fac_0012_med_insulin_0008,fac_0012,med_insulin,2026-09-01,2026-09-09,2026-09-09,551.4,delivered
ord_fac_0012_med_salbutamol_0000,fac_0012,med_salbutamol,2026-03-17,2026-03-23,2026-03-24,420.9,delivered
ord_fac_0012_med_salbutamol_0001,fac_0012,med_salbutamol,2026-04-07,2026-04-18,2026-04-19,406.8,delivered
ord_fac_0012_med_salbutamol_0002,fac_0012,med_salbutamol,2026-04-28,2026-05-01,2026-05-01,397.5,delivered
ord_fac_0012_med_salbutamol_0003,fac_0012,med_salbutamol,2026-05-19,2026-05-25,2026-05-25,337.0,delivered
ord_fac_0012_med_salbutamol_0004,fac_0012,med_salbutamol,2026-06-09,2026-06-18,2026-06-18,478.3,delivered
ord_fac_0012_med_salbutamol_0005,fac_0012,med_salbutamol,2026-06-30,2026-07-08,2026-07-08,343.4,delivered
ord_fac_0012_med_salbutamol_0006,fac_0012,med_salbutamol,2026-07-21,2026-08-01,2026-08-02,451.4,delivered
ord_fac_0012_med_salbutamol_0007,fac_0012,med_salbutamol,2026-08-11,2026-08-18,2026-08-25,375.9,delayed
ord_fac_0012_med_salbutamol_0008,fac_0012,med_salbutamol,2026-09-01,2026-09-12,,445.1,in_transit
ord_fac_0012_med_ciprofloxacin_0000,fac_0012,med_ciprofloxacin,2026-03-17,2026-03-25,2026-03-25,214.4,delivered
ord_fac_0012_med_ciprofloxacin_0001,fac_0012,med_ciprofloxacin,2026-04-07,2026-04-17,2026-04-17,264.0,delivered
ord_fac_0012_med_ciprofloxacin_0002,fac_0012,med_ciprofloxacin,2026-04-28,2026-05-05,2026-05-05,281.2,delivered
ord_fac_0012_med_ciprofloxacin_0003,fac_0012,med_ciprofloxacin,2026-05-19,2026-05-27,2026-05-26,214.9,delivered
ord_fac_0012_med_ciprofloxacin_0004,fac_0012,med_ciprofloxacin,2026-06-09,2026-06-17,2026-06-17,231.2,delivered
ord_fac_0012_med_ciprofloxacin_0005,fac_0012,med_ciprofloxacin,2026-06-30,2026-07-06,2026-07-13,284.8,delayed
ord_fac_0012_med_ciprofloxacin_0006,fac_0012,med_ciprofloxacin,2026-07-21,2026-07-24,2026-07-24,217.7,delivered
ord_fac_0012_med_ciprofloxacin_0007,fac_0012,med_ciprofloxacin,2026-08-11,2026-08-16,2026-08-16,218.4,delivered
ord_fac_0012_med_ciprofloxacin_0008,fac_0012,med_ciprofloxacin,2026-09-01,2026-09-07,2026-09-07,273.0,delivered
ord_fac_0012_med_diazepam_0000,fac_0012,med_diazepam,2026-03-17,2026-03-24,2026-03-24,368.1,delivered
ord_fac_0012_med_diazepam_0001,fac_0012,med_diazepam,2026-04-07,2026-04-13,2026-04-13,375.6,delivered
ord_fac_0012_med_diazepam_0002,fac_0012,med_diazepam,2026-04-28,2026-05-03,2026-05-04,308.1,delivered
ord_fac_0012_med_diazepam_0003,fac_0012,med_diazepam,2026-05-19,2026-05-28,2026-05-27,401.1,delivered
ord_fac_0012_med_diazepam_0004,fac_0012,med_diazepam,2026-06-09,2026-06-19,2026-06-19,405.8,delivered
ord_fac_0012_med_diazepam_0005,fac_0012,med_diazepam,2026-06-30,2026-07-05,2026-07-04,342.1,delivered
ord_fac_0012_med_diazepam_0006,fac_0012,med_diazepam,2026-07-21,2026-07-27,2026-08-04,336.1,delayed
ord_fac_0012_med_diazepam_0007,fac_0012,med_diazepam,2026-08-11,2026-08-17,2026-08-17,347.8,delivered
ord_fac_0012_med_diazepam_0008,fac_0012,med_diazepam,2026-09-01,2026-09-08,2026-09-08,425.4,delivered
ord_fac_0012_med_folic_acid_0000,fac_0012,med_folic_acid,2026-03-17,2026-03-23,2026-03-23,408.2,delivered
ord_fac_0012_med_folic_acid_0001,fac_0012,med_folic_acid,2026-04-07,2026-04-10,2026-04-10,430.3,delivered
ord_fac_0012_med_folic_acid_0002,fac_0012,med_folic_acid,2026-04-28,2026-04-30,2026-04-30,460.5,delivered
ord_fac_0012_med_folic_acid_0003,fac_0012,med_folic_acid,2026-05-19,2026-05-29,2026-06-05,365.7,delayed
ord_fac_0012_med_folic_acid_0004,fac_0012,med_folic_acid,2026-06-09,2026-06-17,2026-06-17,490.1,delivered
ord_fac_0012_med_folic_acid_0005,fac_0012,med_folic_acid,2026-06-30,2026-07-08,2026-07-08,454.6,delivered
ord_fac_0012_med_folic_acid_0006,fac_0012,med_folic_acid,2026-07-21,2026-07-29,2026-07-29,404.5,delivered
ord_fac_0012_med_folic_acid_0007,fac_0012,med_folic_acid,2026-08-11,2026-08-17,2026-08-17,516.6,delivered
ord_fac_0012_med_folic_acid_0008,fac_0012,med_folic_acid,2026-09-01,2026-09-06,2026-09-06,457.3,delivered
ord_fac_0012_med_artesunate_0000,fac_0012,med_artesunate,2026-03-17,2026-03-20,2026-03-21,301.6,delivered
ord_fac_0012_med_artesunate_0001,fac_0012,med_artesunate,2026-04-07,2026-04-17,2026-04-17,370.8,delivered
ord_fac_0012_med_artesunate_0002,fac_0012,med_artesunate,2026-04-28,2026-05-05,2026-05-05,366.4,delivered
ord_fac_0012_med_artesunate_0003,fac_0012,med_artesunate,2026-05-19,2026-05-25,2026-05-25,381.1,delivered
ord_fac_0012_med_artesunate_0004,fac_0012,med_artesunate,2026-06-09,2026-06-18,2026-06-23,391.9,delayed
ord_fac_0012_med_artesunate_0005,fac_0012,med_artesunate,2026-06-30,2026-07-05,2026-07-06,377.8,delivered
ord_fac_0012_med_artesunate_0006,fac_0012,med_artesunate,2026-07-21,2026-07-23,2026-07-23,371.9,delivered
ord_fac_0012_med_artesunate_0007,fac_0012,med_artesunate,2026-08-11,2026-08-17,2026-08-17,281.9,delivered
ord_fac_0012_med_artesunate_0008,fac_0012,med_artesunate,2026-09-01,2026-09-08,2026-09-08,381.6,delivered
ord_fac_0012_med_oxytocin_0000,fac_0012,med_oxytocin,2026-03-17,2026-03-21,2026-03-20,156.3,delivered
ord_fac_0012_med_oxytocin_0001,fac_0012,med_oxytocin,2026-04-07,2026-04-14,2026-04-14,224.5,delivered
ord_fac_0012_med_oxytocin_0002,fac_0012,med_oxytocin,2026-04-28,2026-05-05,2026-05-05,182.2,delivered
ord_fac_0012_med_oxytocin_0003,fac_0012,med_oxytocin,2026-05-19,2026-05-28,2026-06-01,208.7,delayed
ord_fac_0012_med_oxytocin_0004,fac_0012,med_oxytocin,2026-06-09,2026-06-14,2026-06-16,192.1,delayed
ord_fac_0012_med_oxytocin_0005,fac_0012,med_oxytocin,2026-06-30,2026-07-08,2026-07-07,225.4,delivered
ord_fac_0012_med_oxytocin_0006,fac_0012,med_oxytocin,2026-07-21,2026-07-27,2026-07-27,187.5,delivered
ord_fac_0012_med_oxytocin_0007,fac_0012,med_oxytocin,2026-08-11,2026-08-20,2026-08-21,199.0,delivered
ord_fac_0012_med_oxytocin_0008,fac_0012,med_oxytocin,2026-09-01,2026-09-12,2026-09-12,190.5,delivered
ord_fac_0012_med_ringer_s_lactate_0000,fac_0012,med_ringer_s_lactate,2026-03-17,2026-03-26,2026-03-25,260.8,delivered
ord_fac_0012_med_ringer_s_lactate_0001,fac_0012,med_ringer_s_lactate,2026-04-07,2026-04-15,2026-04-17,237.7,delayed
ord_fac_0012_med_ringer_s_lactate_0002,fac_0012,med_ringer_s_lactate,2026-04-28,2026-05-05,2026-05-05,251.8,delivered
ord_fac_0012_med_ringer_s_lactate_0003,fac_0012,med_ringer_s_lactate,2026-05-19,2026-05-22,2026-05-22,226.8,delivered
ord_fac_0012_med_ringer_s_lactate_0004,fac_0012,med_ringer_s_lactate,2026-06-09,2026-06-17,2026-06-17,225.4,delivered
ord_fac_0012_med_ringer_s_lactate_0005,fac_0012,med_ringer_s_lactate,2026-06-30,2026-07-03,2026-07-04,246.9,delivered
ord_fac_0012_med_ringer_s_lactate_0006,fac_0012,med_ringer_s_lactate,2026-07-21,2026-07-26,2026-07-27,214.0,delivered
ord_fac_0012_med_ringer_s_lactate_0007,fac_0012,med_ringer_s_lactate,2026-08-11,2026-08-24,2026-08-24,270.1,delivered
ord_fac_0012_med_ringer_s_lactate_0008,fac_0012,med_ringer_s_lactate,2026-09-01,2026-09-12,2026-09-11,184.7,delivered
ord_fac_0012_med_isoniazid_0000,fac_0012,med_isoniazid,2026-03-17,2026-03-27,2026-03-27,391.5,delivered
ord_fac_0012_med_isoniazid_0001,fac_0012,med_isoniazid,2026-04-07,2026-04-11,2026-04-14,398.4,delayed
ord_fac_0012_med_isoniazid_0002,fac_0012,med_isoniazid,2026-04-28,2026-05-05,2026-05-05,371.0,delivered
ord_fac_0012_med_isoniazid_0003,fac_0012,med_isoniazid,2026-05-19,2026-05-26,2026-05-26,316.0,delivered
ord_fac_0012_med_isoniazid_0004,fac_0012,med_isoniazid,2026-06-09,2026-06-17,2026-06-17,332.8,delivered
ord_fac_0012_med_isoniazid_0005,fac_0012,med_isoniazid,2026-06-30,2026-07-06,2026-07-11,325.1,delayed
ord_fac_0012_med_isoniazid_0006,fac_0012,med_isoniazid,2026-07-21,2026-07-26,2026-07-26,326.4,delivered
ord_fac_0012_med_isoniazid_0007,fac_0012,med_isoniazid,2026-08-11,2026-08-17,2026-08-16,430.0,delivered
ord_fac_0012_med_isoniazid_0008,fac_0012,med_isoniazid,2026-09-01,2026-09-08,2026-09-08,385.5,delivered
ord_fac_0013_med_amoxicillin_0000,fac_0013,med_amoxicillin,2026-03-17,2026-03-20,2026-03-29,411.0,delayed
ord_fac_0013_med_amoxicillin_0001,fac_0013,med_amoxicillin,2026-04-07,2026-04-12,2026-04-12,348.1,delivered
ord_fac_0013_med_amoxicillin_0002,fac_0013,med_amoxicillin,2026-04-28,2026-05-07,2026-05-07,353.0,delivered
ord_fac_0013_med_amoxicillin_0003,fac_0013,med_amoxicillin,2026-05-19,2026-05-26,2026-05-26,347.2,delivered
ord_fac_0013_med_amoxicillin_0004,fac_0013,med_amoxicillin,2026-06-09,2026-06-17,2026-06-18,379.8,delivered
ord_fac_0013_med_amoxicillin_0005,fac_0013,med_amoxicillin,2026-06-30,2026-07-04,2026-07-04,381.6,delivered
ord_fac_0013_med_amoxicillin_0006,fac_0013,med_amoxicillin,2026-07-21,2026-07-29,2026-08-05,372.5,delayed
ord_fac_0013_med_amoxicillin_0007,fac_0013,med_amoxicillin,2026-08-11,2026-08-18,2026-08-22,427.3,delayed
ord_fac_0013_med_amoxicillin_0008,fac_0013,med_amoxicillin,2026-09-01,2026-09-06,2026-09-06,391.2,delivered
ord_fac_0013_med_paracetamol_0000,fac_0013,med_paracetamol,2026-03-17,2026-03-25,2026-03-25,628.9,delivered
ord_fac_0013_med_paracetamol_0001,fac_0013,med_paracetamol,2026-04-07,2026-04-15,2026-04-15,551.4,delivered
ord_fac_0013_med_paracetamol_0002,fac_0013,med_paracetamol,2026-04-28,2026-05-03,2026-05-04,671.2,delivered
ord_fac_0013_med_paracetamol_0003,fac_0013,med_paracetamol,2026-05-19,2026-05-28,2026-05-28,561.7,delivered
ord_fac_0013_med_paracetamol_0004,fac_0013,med_paracetamol,2026-06-09,2026-06-17,2026-06-18,765.9,delivered
ord_fac_0013_med_paracetamol_0005,fac_0013,med_paracetamol,2026-06-30,2026-07-07,2026-07-07,669.1,delivered
ord_fac_0013_med_paracetamol_0006,fac_0013,med_paracetamol,2026-07-21,2026-07-27,2026-07-28,619.8,delivered
ord_fac_0013_med_paracetamol_0007,fac_0013,med_paracetamol,2026-08-11,2026-08-20,2026-08-20,678.6,delivered
ord_fac_0013_med_paracetamol_0008,fac_0013,med_paracetamol,2026-09-01,2026-09-06,2026-09-05,648.0,delivered
ord_fac_0013_med_oral_rehydration_salts_0000,fac_0013,med_oral_rehydration_salts,2026-03-17,2026-03-25,2026-03-25,609.4,delivered
ord_fac_0013_med_oral_rehydration_salts_0001,fac_0013,med_oral_rehydration_salts,2026-04-07,2026-04-14,2026-04-14,764.6,delivered
ord_fac_0013_med_oral_rehydration_salts_0002,fac_0013,med_oral_rehydration_salts,2026-04-28,2026-05-02,2026-05-03,620.4,delivered
ord_fac_0013_med_oral_rehydration_salts_0003,fac_0013,med_oral_rehydration_salts,2026-05-19,2026-05-26,2026-05-26,767.8,delivered
ord_fac_0013_med_oral_rehydration_salts_0004,fac_0013,med_oral_rehydration_salts,2026-06-09,2026-06-16,2026-06-16,712.1,delivered
ord_fac_0013_med_oral_rehydration_salts_0005,fac_0013,med_oral_rehydration_salts,2026-06-30,2026-07-08,2026-07-08,622.5,delivered
ord_fac_0013_med_oral_rehydration_salts_0006,fac_0013,med_oral_rehydration_salts,2026-07-21,2026-07-30,2026-08-07,752.2,delayed
ord_fac_0013_med_oral_rehydration_salts_0007,fac_0013,med_oral_rehydration_salts,2026-08-11,2026-08-21,2026-08-21,722.1,delivered
ord_fac_0013_med_oral_rehydration_salts_0008,fac_0013,med_oral_rehydration_salts,2026-09-01,2026-09-10,2026-09-10,736.8,delivered
ord_fac_0013_med_insulin_0000,fac_0013,med_insulin,2026-03-17,2026-03-23,2026-03-22,1108.4,delivered
ord_fac_0013_med_insulin_0001,fac_0013,med_insulin,2026-04-07,2026-04-14,2026-04-21,911.8,delayed
ord_fac_0013_med_insulin_0002,fac_0013,med_insulin,2026-04-28,2026-05-06,2026-05-06,1040.0,delivered
ord_fac_0013_med_insulin_0003,fac_0013,med_insulin,2026-05-19,2026-05-24,2026-05-24,980.7,delivered
ord_fac_0013_med_insulin_0004,fac_0013,med_insulin,2026-06-09,2026-06-17,2026-06-16,987.2,delivered
ord_fac_0013_med_insulin_0005,fac_0013,med_insulin,2026-06-30,2026-07-05,2026-07-05,1003.8,delivered
ord_fac_0013_med_insulin_0006,fac_0013,med_insulin,2026-07-21,2026-07-25,2026-07-26,1086.5,delivered
ord_fac_0013_med_insulin_0007,fac_0013,med_insulin,2026-08-11,2026-08-22,2026-08-21,1104.3,delivered
ord_fac_0013_med_insulin_0008,fac_0013,med_insulin,2026-09-01,2026-09-08,2026-09-09,797.2,delivered
ord_fac_0013_med_salbutamol_0000,fac_0013,med_salbutamol,2026-03-17,2026-03-27,2026-03-27,1076.2,delivered
ord_fac_0013_med_salbutamol_0001,fac_0013,med_salbutamol,2026-04-07,2026-04-14,2026-04-13,824.7,delivered
ord_fac_0013_med_salbutamol_0002,fac_0013,med_salbutamol,2026-04-28,2026-05-06,2026-05-06,807.7,delivered
ord_fac_0013_med_salbutamol_0003,fac_0013,med_salbutamol,2026-05-19,2026-05-25,2026-05-25,833.7,delivered
ord_fac_0013_med_salbutamol_0004,fac_0013,med_salbutamol,2026-06-09,2026-06-18,2026-06-17,863.3,delivered
ord_fac_0013_med_salbutamol_0005,fac_0013,med_salbutamol,2026-06-30,2026-07-07,2026-07-07,1000.5,delivered
ord_fac_0013_med_salbutamol_0006,fac_0013,med_salbutamol,2026-07-21,2026-07-26,2026-07-26,949.4,delivered
ord_fac_0013_med_salbutamol_0007,fac_0013,med_salbutamol,2026-08-11,2026-08-18,2026-08-18,917.5,delivered
ord_fac_0013_med_salbutamol_0008,fac_0013,med_salbutamol,2026-09-01,2026-09-04,2026-09-04,1100.3,delivered
ord_fac_0013_med_ciprofloxacin_0000,fac_0013,med_ciprofloxacin,2026-03-17,2026-03-26,2026-03-26,411.2,delivered
ord_fac_0013_med_ciprofloxacin_0001,fac_0013,med_ciprofloxacin,2026-04-07,2026-04-13,2026-04-13,432.3,delivered
ord_fac_0013_med_ciprofloxacin_0002,fac_0013,med_ciprofloxacin,2026-04-28,2026-05-05,2026-05-05,394.8,delivered
ord_fac_0013_med_ciprofloxacin_0003,fac_0013,med_ciprofloxacin,2026-05-19,2026-05-27,2026-05-27,466.2,delivered
ord_fac_0013_med_ciprofloxacin_0004,fac_0013,med_ciprofloxacin,2026-06-09,2026-06-17,2026-06-17,498.5,delivered
ord_fac_0013_med_ciprofloxacin_0005,fac_0013,med_ciprofloxacin,2026-06-30,2026-07-08,2026-07-08,395.1,delivered
ord_fac_0013_med_ciprofloxacin_0006,fac_0013,med_ciprofloxacin,2026-07-21,2026-07-29,2026-07-29,536.2,delivered
ord_fac_0013_med_ciprofloxacin_0007,fac_0013,med_ciprofloxacin,2026-08-11,2026-08-17,2026-08-18,451.6,delivered
ord_fac_0013_med_ciprofloxacin_0008,fac_0013,med_ciprofloxacin,2026-09-01,2026-09-08,,467.7,in_transit
ord_fac_0013_med_diazepam_0000,fac_0013,med_diazepam,2026-03-17,2026-03-24,2026-03-24,607.9,delivered
ord_fac_0013_med_diazepam_0001,fac_0013,med_diazepam,2026-04-07,2026-04-09,2026-04-09,557.5,delivered
ord_fac_0013_med_diazepam_0002,fac_0013,med_diazepam,2026-04-28,2026-05-06,2026-05-05,509.5,delivered
ord_fac_0013_med_diazepam_0003,fac_0013,med_diazepam,2026-05-19,2026-05-29,2026-05-29,563.1,delivered
ord_fac_0013_med_diazepam_0004,fac_0013,med_diazepam,2026-06-09,2026-06-19,2026-06-19,484.7,delivered
ord_fac_0013_med_diazepam_0005,fac_0013,med_diazepam,2026-06-30,2026-07-08,2026-07-07,420.3,delivered
ord_fac_0013_med_diazepam_0006,fac_0013,med_diazepam,2026-07-21,2026-07-27,2026-07-26,434.4,delivered
ord_fac_0013_med_diazepam_0007,fac_0013,med_diazepam,2026-08-11,2026-08-16,2026-08-16,524.9,delivered
ord_fac_0013_med_diazepam_0008,fac_0013,med_diazepam,2026-09-01,2026-09-06,2026-09-06,443.9,delivered
ord_fac_0013_med_folic_acid_0000,fac_0013,med_folic_acid,2026-03-17,2026-03-24,2026-03-25,531.5,delivered
ord_fac_0013_med_folic_acid_0001,fac_0013,med_folic_acid,2026-04-07,2026-04-14,2026-04-14,599.5,delivered
ord_fac_0013_med_folic_acid_0002,fac_0013,med_folic_acid,2026-04-28,2026-05-06,2026-05-07,477.9,delivered
ord_fac_0013_med_folic_acid_0003,fac_0013,med_folic_acid,2026-05-19,2026-05-25,2026-05-25,659.5,delivered
ord_fac_0013_med_folic_acid_0004,fac_0013,med_folic_acid,2026-06-09,2026-06-14,2026-06-14,557.7,delivered
ord_fac_0013_med_folic_acid_0005,fac_0013,med_folic_acid,2026-06-30,2026-07-10,2026-07-10,540.4,delivered
ord_fac_0013_med_folic_acid_0006,fac_0013,med_folic_acid,2026-07-21,2026-07-30,2026-08-08,570.8,delayed
ord_fac_0013_med_folic_acid_0007,fac_0013,med_folic_acid,2026-08-11,2026-08-21,2026-08-21,512.8,delivered
ord_fac_0013_med_folic_acid_0008,fac_0013,med_folic_acid,2026-09-01,2026-09-11,2026-09-12,596.8,delivered
ord_fac_0013_med_artesunate_0000,fac_0013,med_artesunate,2026-03-17,2026-03-25,2026-03-25,941.9,delivered
ord_fac_0013_med_artesunate_0001,fac_0013,med_artesunate,2026-04-07,2026-04-11,2026-04-11,1166.3,delivered
ord_fac_0013_med_artesunate_0002,fac_0013,med_artesunate,2026-04-28,2026-05-04,2026-05-04,1000.1,delivered
ord_fac_0013_med_artesunate_0003,fac_0013,med_artesunate,2026-05-19,2026-05-23,2026-05-30,1129.6,delayed
ord_fac_0013_med_artesunate_0004,fac_0013,med_artesunate,2026-06-09,2026-06-16,2026-06-16,1149.5,delivered
ord_fac_0013_med_artesunate_0005,fac_0013,med_artesunate,2026-06-30,2026-07-07,2026-07-07,852.1,delivered
ord_fac_0013_med_artesunate_0006,fac_0013,med_artesunate,2026-07-21,2026-07-30,2026-08-04,1134.4,delayed
ord_fac_0013_med_artesunate_0007,fac_0013,med_artesunate,2026-08-11,2026-08-17,2026-08-17,843.8,delivered
ord_fac_0013_med_artesunate_0008,fac_0013,med_artesunate,2026-09-01,2026-09-07,,1111.0,in_transit
ord_fac_0013_med_oxytocin_0000,fac_0013,med_oxytocin,2026-03-17,2026-03-22,2026-03-22,611.3,delivered
ord_fac_0013_med_oxytocin_0001,fac_0013,med_oxytocin,2026-04-07,2026-04-13,2026-04-13,516.3,delivered
ord_fac_0013_med_oxytocin_0002,fac_0013,med_oxytocin,2026-04-28,2026-05-02,2026-05-02,766.3,delivered
ord_fac_0013_med_oxytocin_0003,fac_0013,med_oxytocin,2026-05-19,2026-05-28,2026-05-28,548.4,delivered
ord_fac_0013_med_oxytocin_0004,fac_0013,med_oxytocin,2026-06-09,2026-06-19,2026-06-26,669.7,delayed
ord_fac_0013_med_oxytocin_0005,fac_0013,med_oxytocin,2026-06-30,2026-07-09,2026-07-09,630.2,delivered
ord_fac_0013_med_oxytocin_0006,fac_0013,med_oxytocin,2026-07-21,2026-07-31,2026-07-30,594.0,delivered
ord_fac_0013_med_oxytocin_0007,fac_0013,med_oxytocin,2026-08-11,2026-08-15,2026-08-15,591.8,delivered
ord_fac_0013_med_oxytocin_0008,fac_0013,med_oxytocin,2026-09-01,2026-09-07,2026-09-07,635.2,delivered
ord_fac_0013_med_ringer_s_lactate_0000,fac_0013,med_ringer_s_lactate,2026-03-17,2026-03-26,2026-03-26,1155.7,delivered
ord_fac_0013_med_ringer_s_lactate_0001,fac_0013,med_ringer_s_lactate,2026-04-07,2026-04-14,2026-04-14,1178.7,delivered
ord_fac_0013_med_ringer_s_lactate_0002,fac_0013,med_ringer_s_lactate,2026-04-28,2026-05-09,2026-05-09,1015.9,delivered
ord_fac_0013_med_ringer_s_lactate_0003,fac_0013,med_ringer_s_lactate,2026-05-19,2026-05-26,2026-05-26,1123.5,delivered
ord_fac_0013_med_ringer_s_lactate_0004,fac_0013,med_ringer_s_lactate,2026-06-09,2026-06-16,2026-06-16,1113.3,delivered
ord_fac_0013_med_ringer_s_lactate_0005,fac_0013,med_ringer_s_lactate,2026-06-30,2026-07-05,2026-07-15,1074.4,delayed
ord_fac_0013_med_ringer_s_lactate_0006,fac_0013,med_ringer_s_lactate,2026-07-21,2026-07-27,2026-07-27,1140.0,delivered
ord_fac_0013_med_ringer_s_lactate_0007,fac_0013,med_ringer_s_lactate,2026-08-11,2026-08-17,2026-08-17,1005.4,delivered
ord_fac_0013_med_ringer_s_lactate_0008,fac_0013,med_ringer_s_lactate,2026-09-01,2026-09-07,,841.2,in_transit
ord_fac_0013_med_isoniazid_0000,fac_0013,med_isoniazid,2026-03-17,2026-03-26,2026-03-26,647.6,delivered
ord_fac_0013_med_isoniazid_0001,fac_0013,med_isoniazid,2026-04-07,2026-04-10,2026-04-10,711.3,delivered
ord_fac_0013_med_isoniazid_0002,fac_0013,med_isoniazid,2026-04-28,2026-05-08,2026-05-09,722.2,delivered
ord_fac_0013_med_isoniazid_0003,fac_0013,med_isoniazid,2026-05-19,2026-05-27,2026-05-27,583.5,delivered
ord_fac_0013_med_isoniazid_0004,fac_0013,med_isoniazid,2026-06-09,2026-06-14,2026-06-14,600.3,delivered
ord_fac_0013_med_isoniazid_0005,fac_0013,med_isoniazid,2026-06-30,2026-07-06,2026-07-06,697.2,delivered
ord_fac_0013_med_isoniazid_0006,fac_0013,med_isoniazid,2026-07-21,2026-07-29,2026-07-29,594.0,delivered
ord_fac_0013_med_isoniazid_0007,fac_0013,med_isoniazid,2026-08-11,2026-08-21,2026-08-21,826.0,delivered
ord_fac_0013_med_isoniazid_0008,fac_0013,med_isoniazid,2026-09-01,2026-09-07,2026-09-07,641.3,delivered
ord_fac_0014_med_amoxicillin_0000,fac_0014,med_amoxicillin,2026-03-17,2026-03-25,2026-03-24,78.5,delivered
ord_fac_0014_med_amoxicillin_0001,fac_0014,med_amoxicillin,2026-04-07,2026-04-11,2026-04-10,63.1,delivered
ord_fac_0014_med_amoxicillin_0002,fac_0014,med_amoxicillin,2026-04-28,2026-05-04,2026-05-05,70.2,delivered
ord_fac_0014_med_amoxicillin_0003,fac_0014,med_amoxicillin,2026-05-19,2026-05-24,2026-05-23,65.2,delivered
ord_fac_0014_med_amoxicillin_0004,fac_0014,med_amoxicillin,2026-06-09,2026-06-15,2026-06-15,80.5,delivered
ord_fac_0014_med_amoxicillin_0005,fac_0014,med_amoxicillin,2026-06-30,2026-07-07,2026-07-12,83.4,delayed
ord_fac_0014_med_amoxicillin_0006,fac_0014,med_amoxicillin,2026-07-21,2026-07-28,2026-07-28,80.6,delivered
ord_fac_0014_med_amoxicillin_0007,fac_0014,med_amoxicillin,2026-08-11,2026-08-19,2026-08-19,64.3,delivered
ord_fac_0014_med_amoxicillin_0008,fac_0014,med_amoxicillin,2026-09-01,2026-09-10,2026-09-10,69.0,delivered
ord_fac_0014_med_paracetamol_0000,fac_0014,med_paracetamol,2026-03-17,2026-03-25,2026-03-25,164.6,delivered
ord_fac_0014_med_paracetamol_0001,fac_0014,med_paracetamol,2026-04-07,2026-04-15,2026-04-14,205.8,delivered
ord_fac_0014_med_paracetamol_0002,fac_0014,med_paracetamol,2026-04-28,2026-05-10,2026-05-09,176.5,delivered
ord_fac_0014_med_paracetamol_0003,fac_0014,med_paracetamol,2026-05-19,2026-05-21,2026-05-21,156.4,delivered
ord_fac_0014_med_paracetamol_0004,fac_0014,med_paracetamol,2026-06-09,2026-06-16,2026-06-16,195.0,delivered
ord_fac_0014_med_paracetamol_0005,fac_0014,med_paracetamol,2026-06-30,2026-07-08,2026-07-08,190.9,delivered
ord_fac_0014_med_paracetamol_0006,fac_0014,med_paracetamol,2026-07-21,2026-07-28,2026-08-07,152.0,delayed
ord_fac_0014_med_paracetamol_0007,fac_0014,med_paracetamol,2026-08-11,2026-08-18,2026-08-18,181.0,delivered
ord_fac_0014_med_paracetamol_0008,fac_0014,med_paracetamol,2026-09-01,2026-09-08,2026-09-08,185.2,delivered
ord_fac_0014_med_oral_rehydration_salts_0000,fac_0014,med_oral_rehydration_salts,2026-03-17,2026-03-26,2026-03-26,206.5,delivered
ord_fac_0014_med_oral_rehydration_salts_0001,fac_0014,med_oral_rehydration_salts,2026-04-07,2026-04-13,2026-04-18,230.5,delayed
ord_fac_0014_med_oral_rehydration_salts_0002,fac_0014,med_oral_rehydration_salts,2026-04-28,2026-05-10,2026-05-10,184.1,delivered
ord_fac_0014_med_oral_rehydration_salts_0003,fac_0014,med_oral_rehydration_salts,2026-05-19,2026-05-26,2026-05-26,240.0,delivered
ord_fac_0014_med_oral_rehydration_salts_0004,fac_0014,med_oral_rehydration_salts,2026-06-09,2026-06-17,2026-06-16,168.3,delivered
ord_fac_0014_med_oral_rehydration_salts_0005,fac_0014,med_oral_rehydration_salts,2026-06-30,2026-07-05,2026-07-06,214.4,delivered
ord_fac_0014_med_oral_rehydration_salts_0006,fac_0014,med_oral_rehydration_salts,2026-07-21,2026-07-28,2026-07-27,213.8,delivered
ord_fac_0014_med_oral_rehydration_salts_0007,fac_0014,med_oral_rehydration_salts,2026-08-11,2026-08-20,2026-08-20,211.9,delivered
ord_fac_0014_med_oral_rehydration_salts_0008,fac_0014,med_oral_rehydration_salts,2026-09-01,2026-09-07,2026-09-07,222.6,delivered
ord_fac_0014_med_insulin_0000,fac_0014,med_insulin,2026-03-17,2026-03-23,2026-03-23,90.0,delivered
ord_fac_0014_med_insulin_0001,fac_0014,med_insulin,2026-04-07,2026-04-12,2026-04-12,123.4,delivered
ord_fac_0014_med_insulin_0002,fac_0014,med_insulin,2026-04-28,2026-05-07,2026-05-07,123.6,delivered
ord_fac_0014_med_insulin_0003,fac_0014,med_insulin,2026-05-19,2026-05-24,2026-05-24,87.8,delivered
ord_fac_0014_med_insulin_0004,fac_0014,med_insulin,2026-06-09,2026-06-18,2026-06-18,109.8,delivered
ord_fac_0014_med_insulin_0005,fac_0014,med_insulin,2026-06-30,2026-07-06,2026-07-06,121.8,delivered
ord_fac_0014_med_insulin_0006,fac_0014,med_insulin,2026-07-21,2026-07-27,2026-07-28,97.8,delivered
ord_fac_0014_med_insulin_0007,fac_0014,med_insulin,2026-08-11,2026-08-14,2026-08-22,97.9,delayed
ord_fac_0014_med_insulin_0008,fac_0014,med_insulin,2026-09-01,2026-09-07,2026-09-07,124.6,delivered
ord_fac_0014_med_salbutamol_0000,fac_0014,med_salbutamol,2026-03-17,2026-03-22,2026-03-22,77.1,delivered
ord_fac_0014_med_salbutamol_0001,fac_0014,med_salbutamol,2026-04-07,2026-04-12,2026-04-12,87.9,delivered
ord_fac_0014_med_salbutamol_0002,fac_0014,med_salbutamol,2026-04-28,2026-05-02,2026-05-02,82.9,delivered
ord_fac_0014_med_salbutamol_0003,fac_0014,med_salbutamol,2026-05-19,2026-05-25,2026-05-25,90.3,delivered
ord_fac_0014_med_salbutamol_0004,fac_0014,med_salbutamol,2026-06-09,2026-06-14,2026-06-15,74.2,delivered
ord_fac_0014_med_salbutamol_0005,fac_0014,med_salbutamol,2026-06-30,2026-07-07,2026-07-06,102.0,delivered
ord_fac_0014_med_salbutamol_0006,fac_0014,med_salbutamol,2026-07-21,2026-07-29,2026-07-29,75.9,delivered
ord_fac_0014_med_salbutamol_0007,fac_0014,med_salbutamol,2026-08-11,2026-08-15,2026-08-15,75.2,delivered
ord_fac_0014_med_salbutamol_0008,fac_0014,med_salbutamol,2026-09-01,2026-09-09,2026-09-09,105.4,delivered
ord_fac_0014_med_ciprofloxacin_0000,fac_0014,med_ciprofloxacin,2026-03-17,2026-03-25,2026-03-25,77.1,delivered
ord_fac_0014_med_ciprofloxacin_0001,fac_0014,med_ciprofloxacin,2026-04-07,2026-04-13,2026-04-13,66.2,delivered
ord_fac_0014_med_ciprofloxacin_0002,fac_0014,med_ciprofloxacin,2026-04-28,2026-05-04,2026-05-05,56.4,delivered
ord_fac_0014_med_ciprofloxacin_0003,fac_0014,med_ciprofloxacin,2026-05-19,2026-05-25,2026-05-25,77.3,delivered
ord_fac_0014_med_ciprofloxacin_0004,fac_0014,med_ciprofloxacin,2026-06-09,2026-06-13,2026-06-13,64.1,delivered
ord_fac_0014_med_ciprofloxacin_0005,fac_0014,med_ciprofloxacin,2026-06-30,2026-07-08,2026-07-08,65.6,delivered
ord_fac_0014_med_ciprofloxacin_0006,fac_0014,med_ciprofloxacin,2026-07-21,2026-07-26,2026-07-26,82.3,delivered
ord_fac_0014_med_ciprofloxacin_0007,fac_0014,med_ciprofloxacin,2026-08-11,2026-08-21,2026-08-29,82.9,delayed
ord_fac_0014_med_ciprofloxacin_0008,fac_0014,med_ciprofloxacin,2026-09-01,2026-09-10,2026-09-10,55.5,delivered
ord_fac_0014_med_diazepam_0000,fac_0014,med_diazepam,2026-03-17,2026-03-24,2026-03-24,133.6,delivered
ord_fac_0014_med_diazepam_0001,fac_0014,med_diazepam,2026-04-07,2026-04-18,2026-04-18,155.4,delivered
ord_fac_0014_med_diazepam_0002,fac_0014,med_diazepam,2026-04-28,2026-05-07,2026-05-07,150.8,delivered
ord_fac_0014_med_diazepam_0003,fac_0014,med_diazepam,2026-05-19,2026-05-27,2026-05-27,155.7,delivered
ord_fac_0014_med_diazepam_0004,fac_0014,med_diazepam,2026-06-09,2026-06-13,2026-06-14,170.8,delivered
ord_fac_0014_med_diazepam_0005,fac_0014,med_diazepam,2026-06-30,2026-07-04,2026-07-04,130.9,delivered
ord_fac_0014_med_diazepam_0006,fac_0014,med_diazepam,2026-07-21,2026-07-26,2026-07-26,142.0,delivered
ord_fac_0014_med_diazepam_0007,fac_0014,med_diazepam,2026-08-11,2026-08-21,2026-08-21,147.6,delivered
ord_fac_0014_med_diazepam_0008,fac_0014,med_diazepam,2026-09-01,2026-09-11,2026-09-11,134.9,delivered
ord_fac_0014_med_folic_acid_0000,fac_0014,med_folic_acid,2026-03-17,2026-03-20,2026-03-20,171.3,delivered
ord_fac_0014_med_folic_acid_0001,fac_0014,med_folic_acid,2026-04-07,2026-04-14,2026-04-14,178.8,delivered
ord_fac_0014_med_folic_acid_0002,fac_0014,med_folic_acid,2026-04-28,2026-05-07,2026-05-07,140.5,delivered
ord_fac_0014_med_folic_acid_0003,fac_0014,med_folic_acid,2026-05-19,2026-05-25,2026-05-25,125.2,delivered
ord_fac_0014_med_folic_acid_0004,fac_0014,med_folic_acid,2026-06-09,2026-06-16,2026-06-16,167.1,delivered
ord_fac_0014_med_folic_acid_0005,fac_0014,med_folic_acid,2026-06-30,2026-07-07,2026-07-07,137.1,delivered
ord_fac_0014_med_folic_acid_0006,fac_0014,med_folic_acid,2026-07-21,2026-07-29,2026-07-28,172.5,delivered
ord_fac_0014_med_folic_acid_0007,fac_0014,med_folic_acid,2026-08-11,2026-08-16,2026-08-16,166.7,delivered
ord_fac_0014_med_folic_acid_0008,fac_0014,med_folic_acid,2026-09-01,2026-09-08,2026-09-08,162.7,delivered
ord_fac_0014_med_artesunate_0000,fac_0014,med_artesunate,2026-03-17,2026-03-21,2026-03-21,107.8,delivered
ord_fac_0014_med_artesunate_0001,fac_0014,med_artesunate,2026-04-07,2026-04-14,2026-04-14,121.9,delivered
ord_fac_0014_med_artesunate_0002,fac_0014,med_artesunate,2026-04-28,2026-05-03,2026-05-03,145.6,delivered
ord_fac_0014_med_artesunate_0003,fac_0014,med_artesunate,2026-05-19,2026-05-26,2026-05-27,156.6,delivered
ord_fac_0014_med_artesunate_0004,fac_0014,med_artesunate,2026-06-09,2026-06-15,2026-06-15,147.1,delivered
ord_fac_0014_med_artesunate_0005,fac_0014,med_artesunate,2026-06-30,2026-07-06,2026-07-06,156.7,delivered
ord_fac_0014_med_artesunate_0006,fac_0014,med_artesunate,2026-07-21,2026-07-28,2026-08-01,130.8,delayed
ord_fac_0014_med_artesunate_0007,fac_0014,med_artesunate,2026-08-11,2026-08-19,2026-08-19,113.1,delivered
ord_fac_0014_med_artesunate_0008,fac_0014,med_artesunate,2026-09-01,2026-09-07,2026-09-07,134.3,delivered
ord_fac_0014_med_oxytocin_0000,fac_0014,med_oxytocin,2026-03-17,2026-03-23,2026-03-23,98.6,delivered
ord_fac_0014_med_oxytocin_0001,fac_0014,med_oxytocin,2026-04-07,2026-04-15,2026-04-15,106.3,delivered
ord_fac_0014_med_oxytocin_0002,fac_0014,med_oxytocin,2026-04-28,2026-05-06,2026-05-06,137.8,delivered
ord_fac_0014_med_oxytocin_0003,fac_0014,med_oxytocin,2026-05-19,2026-05-27,2026-05-28,132.4,delivered
ord_fac_0014_med_oxytocin_0004,fac_0014,med_oxytocin,2026-06-09,2026-06-16,2026-06-16,112.7,delivered
ord_fac_0014_med_oxytocin_0005,fac_0014,med_oxytocin,2026-06-30,2026-07-06,2026-07-09,108.2,delayed
ord_fac_0014_med_oxytocin_0006,fac_0014,med_oxytocin,2026-07-21,2026-07-31,2026-07-31,139.9,delivered
ord_fac_0014_med_oxytocin_0007,fac_0014,med_oxytocin,2026-08-11,2026-08-17,2026-08-27,119.2,delayed
ord_fac_0014_med_oxytocin_0008,fac_0014,med_oxytocin,2026-09-01,2026-09-07,2026-09-07,98.8,delivered
ord_fac_0014_med_ringer_s_lactate_0000,fac_0014,med_ringer_s_lactate,2026-03-17,2026-03-21,2026-03-21,208.6,delivered
ord_fac_0014_med_ringer_s_lactate_0001,fac_0014,med_ringer_s_lactate,2026-04-07,2026-04-13,2026-04-13,163.4,delivered
ord_fac_0014_med_ringer_s_lactate_0002,fac_0014,med_ringer_s_lactate,2026-04-28,2026-05-03,2026-05-04,199.7,delivered
ord_fac_0014_med_ringer_s_lactate_0003,fac_0014,med_ringer_s_lactate,2026-05-19,2026-05-28,2026-05-29,185.0,delivered
ord_fac_0014_med_ringer_s_lactate_0004,fac_0014,med_ringer_s_lactate,2026-06-09,2026-06-13,2026-06-13,184.5,delivered
ord_fac_0014_med_ringer_s_lactate_0005,fac_0014,med_ringer_s_lactate,2026-06-30,2026-07-08,2026-07-08,221.2,delivered
ord_fac_0014_med_ringer_s_lactate_0006,fac_0014,med_ringer_s_lactate,2026-07-21,2026-07-26,2026-07-26,202.9,delivered
ord_fac_0014_med_ringer_s_lactate_0007,fac_0014,med_ringer_s_lactate,2026-08-11,2026-08-20,2026-08-22,175.4,delayed
ord_fac_0014_med_ringer_s_lactate_0008,fac_0014,med_ringer_s_lactate,2026-09-01,2026-09-06,2026-09-06,186.6,delivered
ord_fac_0014_med_isoniazid_0000,fac_0014,med_isoniazid,2026-03-17,2026-03-25,2026-03-25,159.0,delivered
ord_fac_0014_med_isoniazid_0001,fac_0014,med_isoniazid,2026-04-07,2026-04-18,2026-04-18,194.8,delivered
ord_fac_0014_med_isoniazid_0002,fac_0014,med_isoniazid,2026-04-28,2026-05-09,2026-05-09,188.5,delivered
ord_fac_0014_med_isoniazid_0003,fac_0014,med_isoniazid,2026-05-19,2026-05-26,2026-05-26,218.2,delivered
ord_fac_0014_med_isoniazid_0004,fac_0014,med_isoniazid,2026-06-09,2026-06-16,2026-06-16,153.2,delivered
ord_fac_0014_med_isoniazid_0005,fac_0014,med_isoniazid,2026-06-30,2026-07-05,2026-07-06,176.7,delivered
ord_fac_0014_med_isoniazid_0006,fac_0014,med_isoniazid,2026-07-21,2026-07-27,2026-07-27,204.6,delivered
ord_fac_0014_med_isoniazid_0007,fac_0014,med_isoniazid,2026-08-11,2026-08-17,2026-08-17,156.7,delivered
ord_fac_0014_med_isoniazid_0008,fac_0014,med_isoniazid,2026-09-01,2026-09-09,2026-09-09,213.9,delivered
ord_fac_0015_med_amoxicillin_0000,fac_0015,med_amoxicillin,2026-03-17,2026-03-19,2026-03-19,121.7,delivered
ord_fac_0015_med_amoxicillin_0001,fac_0015,med_amoxicillin,2026-04-07,2026-04-16,2026-04-24,147.1,delayed
ord_fac_0015_med_amoxicillin_0002,fac_0015,med_amoxicillin,2026-04-28,2026-05-05,2026-05-05,120.8,delivered
ord_fac_0015_med_amoxicillin_0003,fac_0015,med_amoxicillin,2026-05-19,2026-05-25,2026-05-25,173.7,delivered
ord_fac_0015_med_amoxicillin_0004,fac_0015,med_amoxicillin,2026-06-09,2026-06-15,2026-06-15,166.2,delivered
ord_fac_0015_med_amoxicillin_0005,fac_0015,med_amoxicillin,2026-06-30,2026-07-05,2026-07-06,142.6,delivered
ord_fac_0015_med_amoxicillin_0006,fac_0015,med_amoxicillin,2026-07-21,2026-07-26,2026-07-27,156.4,delivered
ord_fac_0015_med_amoxicillin_0007,fac_0015,med_amoxicillin,2026-08-11,2026-08-20,2026-08-20,148.6,delivered
ord_fac_0015_med_amoxicillin_0008,fac_0015,med_amoxicillin,2026-09-01,2026-09-08,2026-09-08,131.7,delivered
ord_fac_0015_med_paracetamol_0000,fac_0015,med_paracetamol,2026-03-17,2026-03-20,2026-03-20,97.2,delivered
ord_fac_0015_med_paracetamol_0001,fac_0015,med_paracetamol,2026-04-07,2026-04-15,2026-04-14,97.6,delivered
ord_fac_0015_med_paracetamol_0002,fac_0015,med_paracetamol,2026-04-28,2026-05-03,2026-05-02,108.2,delivered
ord_fac_0015_med_paracetamol_0003,fac_0015,med_paracetamol,2026-05-19,2026-05-29,2026-05-29,76.9,delivered
ord_fac_0015_med_paracetamol_0004,fac_0015,med_paracetamol,2026-06-09,2026-06-14,2026-06-14,97.6,delivered
ord_fac_0015_med_paracetamol_0005,fac_0015,med_paracetamol,2026-06-30,2026-07-05,2026-07-05,78.5,delivered
ord_fac_0015_med_paracetamol_0006,fac_0015,med_paracetamol,2026-07-21,2026-07-22,2026-08-01,87.9,delayed
ord_fac_0015_med_paracetamol_0007,fac_0015,med_paracetamol,2026-08-11,2026-08-13,2026-08-13,82.0,delivered
ord_fac_0015_med_paracetamol_0008,fac_0015,med_paracetamol,2026-09-01,2026-09-10,2026-09-10,88.6,delivered
ord_fac_0015_med_oral_rehydration_salts_0000,fac_0015,med_oral_rehydration_salts,2026-03-17,2026-03-22,2026-03-23,114.8,delivered
ord_fac_0015_med_oral_rehydration_salts_0001,fac_0015,med_oral_rehydration_salts,2026-04-07,2026-04-14,2026-04-13,107.0,delivered
ord_fac_0015_med_oral_rehydration_salts_0002,fac_0015,med_oral_rehydration_salts,2026-04-28,2026-05-05,2026-05-04,118.4,delivered
ord_fac_0015_med_oral_rehydration_salts_0003,fac_0015,med_oral_rehydration_salts,2026-05-19,2026-05-27,2026-06-05,123.1,delayed
ord_fac_0015_med_oral_rehydration_salts_0004,fac_0015,med_oral_rehydration_salts,2026-06-09,2026-06-15,2026-06-14,139.7,delivered
ord_fac_0015_med_oral_rehydration_salts_0005,fac_0015,med_oral_rehydration_salts,2026-06-30,2026-07-08,2026-07-08,107.5,delivered
ord_fac_0015_med_oral_rehydration_salts_0006,fac_0015,med_oral_rehydration_salts,2026-07-21,2026-07-25,2026-07-25,149.2,delivered
ord_fac_0015_med_oral_rehydration_salts_0007,fac_0015,med_oral_rehydration_salts,2026-08-11,2026-08-18,2026-08-18,126.9,delivered
ord_fac_0015_med_oral_rehydration_salts_0008,fac_0015,med_oral_rehydration_salts,2026-09-01,2026-09-07,2026-09-11,109.2,delayed
ord_fac_0015_med_insulin_0000,fac_0015,med_insulin,2026-03-17,2026-03-20,2026-03-20,113.4,delivered
ord_fac_0015_med_insulin_0001,fac_0015,med_insulin,2026-04-07,2026-04-15,2026-04-15,146.7,delivered
ord_fac_0015_med_insulin_0002,fac_0015,med_insulin,2026-04-28,2026-05-04,2026-05-04,107.0,delivered
ord_fac_0015_med_insulin_0003,fac_0015,med_insulin,2026-05-19,2026-05-24,2026-05-24,129.9,delivered
ord_fac_0015_med_insulin_0004,fac_0015,med_insulin,2026-06-09,2026-06-14,2026-06-14,114.5,delivered
ord_fac_0015_med_insulin_0005,fac_0015,med_insulin,2026-06-30,2026-07-11,2026-07-11,125.6,delivered
ord_fac_0015_med_insulin_0006,fac_0015,med_insulin,2026-07-21,2026-07-31,2026-07-31,158.1,delivered
ord_fac_0015_med_insulin_0007,fac_0015,med_insulin,2026-08-11,2026-08-17,2026-08-17,106.1,delivered
ord_fac_0015_med_insulin_0008,fac_0015,med_insulin,2026-09-01,2026-09-08,2026-09-08,114.4,delivered
ord_fac_0015_med_salbutamol_0000,fac_0015,med_salbutamol,2026-03-17,2026-03-25,2026-03-25,209.9,delivered
ord_fac_0015_med_salbutamol_0001,fac_0015,med_salbutamol,2026-04-07,2026-04-17,2026-04-17,208.3,delivered
ord_fac_0015_med_salbutamol_0002,fac_0015,med_salbutamol,2026-04-28,2026-04-30,2026-04-29,231.6,delivered
ord_fac_0015_med_salbutamol_0003,fac_0015,med_salbutamol,2026-05-19,2026-05-28,2026-05-28,217.5,delivered
ord_fac_0015_med_salbutamol_0004,fac_0015,med_salbutamol,2026-06-09,2026-06-14,2026-06-14,172.0,delivered
ord_fac_0015_med_salbutamol_0005,fac_0015,med_salbutamol,2026-06-30,2026-07-06,2026-07-06,180.2,delivered
ord_fac_0015_med_salbutamol_0006,fac_0015,med_salbutamol,2026-07-21,2026-07-29,2026-07-29,205.2,delivered
ord_fac_0015_med_salbutamol_0007,fac_0015,med_salbutamol,2026-08-11,2026-08-18,2026-08-19,200.3,delivered
ord_fac_0015_med_salbutamol_0008,fac_0015,med_salbutamol,2026-09-01,2026-09-10,2026-09-09,212.9,delivered
ord_fac_0015_med_ciprofloxacin_0000,fac_0015,med_ciprofloxacin,2026-03-17,2026-03-21,2026-03-21,162.1,delivered
ord_fac_0015_med_ciprofloxacin_0001,fac_0015,med_ciprofloxacin,2026-04-07,2026-04-14,2026-04-14,159.9,delivered
ord_fac_0015_med_ciprofloxacin_0002,fac_0015,med_ciprofloxacin,2026-04-28,2026-05-06,2026-05-06,133.6,delivered
ord_fac_0015_med_ciprofloxacin_0003,fac_0015,med_ciprofloxacin,2026-05-19,2026-05-29,2026-05-28,138.1,delivered
ord_fac_0015_med_ciprofloxacin_0004,fac_0015,med_ciprofloxacin,2026-06-09,2026-06-15,2026-06-15,197.2,delivered
ord_fac_0015_med_ciprofloxacin_0005,fac_0015,med_ciprofloxacin,2026-06-30,2026-07-05,2026-07-05,174.4,delivered
ord_fac_0015_med_ciprofloxacin_0006,fac_0015,med_ciprofloxacin,2026-07-21,2026-07-28,2026-07-28,155.3,delivered
ord_fac_0015_med_ciprofloxacin_0007,fac_0015,med_ciprofloxacin,2026-08-11,2026-08-17,2026-08-17,161.0,delivered
ord_fac_0015_med_ciprofloxacin_0008,fac_0015,med_ciprofloxacin,2026-09-01,2026-09-07,2026-09-07,152.3,delivered
ord_fac_0015_med_diazepam_0000,fac_0015,med_diazepam,2026-03-17,2026-03-28,2026-03-28,68.6,delivered
ord_fac_0015_med_diazepam_0001,fac_0015,med_diazepam,2026-04-07,2026-04-16,2026-04-16,65.2,delivered
ord_fac_0015_med_diazepam_0002,fac_0015,med_diazepam,2026-04-28,2026-05-04,2026-05-04,55.3,delivered
ord_fac_0015_med_diazepam_0003,fac_0015,med_diazepam,2026-05-19,2026-05-24,2026-05-24,53.0,delivered
ord_fac_0015_med_diazepam_0004,fac_0015,med_diazepam,2026-06-09,2026-06-16,2026-06-16,74.9,delivered
ord_fac_0015_med_diazepam_0005,fac_0015,med_diazepam,2026-06-30,2026-07-08,2026-07-08,68.0,delivered
ord_fac_0015_med_diazepam_0006,fac_0015,med_diazepam,2026-07-21,2026-08-01,2026-08-01,54.9,delivered
ord_fac_0015_med_diazepam_0007,fac_0015,med_diazepam,2026-08-11,2026-08-14,2026-08-14,70.0,delivered
ord_fac_0015_med_diazepam_0008,fac_0015,med_diazepam,2026-09-01,2026-09-06,2026-09-06,62.1,delivered
ord_fac_0015_med_folic_acid_0000,fac_0015,med_folic_acid,2026-03-17,2026-03-23,2026-03-23,166.8,delivered
ord_fac_0015_med_folic_acid_0001,fac_0015,med_folic_acid,2026-04-07,2026-04-13,2026-04-13,192.7,delivered
ord_fac_0015_med_folic_acid_0002,fac_0015,med_folic_acid,2026-04-28,2026-05-02,2026-05-01,225.6,delivered
ord_fac_0015_med_folic_acid_0003,fac_0015,med_folic_acid,2026-05-19,2026-05-28,2026-06-06,211.5,delayed
ord_fac_0015_med_folic_acid_0004,fac_0015,med_folic_acid,2026-06-09,2026-06-18,2026-06-18,162.7,delivered
ord_fac_0015_med_folic_acid_0005,fac_0015,med_folic_acid,2026-06-30,2026-07-06,2026-07-07,176.4,delivered
ord_fac_0015_med_folic_acid_0006,fac_0015,med_folic_acid,2026-07-21,2026-07-31,2026-07-31,215.4,delivered
ord_fac_0015_med_folic_acid_0007,fac_0015,med_folic_acid,2026-08-11,2026-08-19,2026-08-19,171.4,delivered
ord_fac_0015_med_folic_acid_0008,fac_0015,med_folic_acid,2026-09-01,2026-09-03,2026-09-07,237.9,delayed
ord_fac_0015_med_artesunate_0000,fac_0015,med_artesunate,2026-03-17,2026-03-25,2026-03-25,165.4,delivered
ord_fac_0015_med_artesunate_0001,fac_0015,med_artesunate,2026-04-07,2026-04-13,2026-04-13,217.4,delivered
ord_fac_0015_med_artesunate_0002,fac_0015,med_artesunate,2026-04-28,2026-05-04,2026-05-13,239.9,delayed
ord_fac_0015_med_artesunate_0003,fac_0015,med_artesunate,2026-05-19,2026-05-25,2026-05-25,234.7,delivered
ord_fac_0015_med_artesunate_0004,fac_0015,med_artesunate,2026-06-09,2026-06-20,2026-06-20,235.3,delivered
ord_fac_0015_med_artesunate_0005,fac_0015,med_artesunate,2026-06-30,2026-07-08,2026-07-11,239.5,delayed
ord_fac_0015_med_artesunate_0006,fac_0015,med_artesunate,2026-07-21,2026-07-29,2026-07-29,202.2,delivered
ord_fac_0015_med_artesunate_0007,fac_0015,med_artesunate,2026-08-11,2026-08-16,2026-08-17,203.6,delivered
ord_fac_0015_med_artesunate_0008,fac_0015,med_artesunate,2026-09-01,2026-09-09,2026-09-09,242.7,delivered
ord_fac_0015_med_oxytocin_0000,fac_0015,med_oxytocin,2026-03-17,2026-03-22,2026-03-23,142.5,delivered
ord_fac_0015_med_oxytocin_0001,fac_0015,med_oxytocin,2026-04-07,2026-04-16,2026-04-22,127.2,delayed
ord_fac_0015_med_oxytocin_0002,fac_0015,med_oxytocin,2026-04-28,2026-05-07,2026-05-07,167.8,delivered
ord_fac_0015_med_oxytocin_0003,fac_0015,med_oxytocin,2026-05-19,2026-05-26,2026-05-27,161.6,delivered
ord_fac_0015_med_oxytocin_0004,fac_0015,med_oxytocin,2026-06-09,2026-06-16,2026-06-17,126.7,delivered
ord_fac_0015_med_oxytocin_0005,fac_0015,med_oxytocin,2026-06-30,2026-07-02,2026-07-02,180.6,delivered
ord_fac_0015_med_oxytocin_0006,fac_0015,med_oxytocin,2026-07-21,2026-07-30,2026-08-07,174.1,delayed
ord_fac_0015_med_oxytocin_0007,fac_0015,med_oxytocin,2026-08-11,2026-08-19,2026-08-20,145.7,delivered
ord_fac_0015_med_oxytocin_0008,fac_0015,med_oxytocin,2026-09-01,2026-09-07,2026-09-07,166.5,delivered
ord_fac_0015_med_ringer_s_lactate_0000,fac_0015,med_ringer_s_lactate,2026-03-17,2026-03-23,2026-03-23,170.3,delivered
ord_fac_0015_med_ringer_s_lactate_0001,fac_0015,med_ringer_s_lactate,2026-04-07,2026-04-14,2026-04-14,175.0,delivered
ord_fac_0015_med_ringer_s_lactate_0002,fac_0015,med_ringer_s_lactate,2026-04-28,2026-05-07,2026-05-07,169.9,delivered
ord_fac_0015_med_ringer_s_lactate_0003,fac_0015,med_ringer_s_lactate,2026-05-19,2026-05-26,2026-05-26,161.5,delivered
ord_fac_0015_med_ringer_s_lactate_0004,fac_0015,med_ringer_s_lactate,2026-06-09,2026-06-16,2026-06-16,189.0,delivered
ord_fac_0015_med_ringer_s_lactate_0005,fac_0015,med_ringer_s_lactate,2026-06-30,2026-07-10,2026-07-10,209.1,delivered
ord_fac_0015_med_ringer_s_lactate_0006,fac_0015,med_ringer_s_lactate,2026-07-21,2026-07-27,2026-07-26,229.0,delivered
ord_fac_0015_med_ringer_s_lactate_0007,fac_0015,med_ringer_s_lactate,2026-08-11,2026-08-21,2026-08-21,220.9,delivered
ord_fac_0015_med_ringer_s_lactate_0008,fac_0015,med_ringer_s_lactate,2026-09-01,2026-09-07,2026-09-08,197.4,delivered
ord_fac_0015_med_isoniazid_0000,fac_0015,med_isoniazid,2026-03-17,2026-03-24,2026-03-24,185.7,delivered
ord_fac_0015_med_isoniazid_0001,fac_0015,med_isoniazid,2026-04-07,2026-04-13,2026-04-14,182.4,delivered
ord_fac_0015_med_isoniazid_0002,fac_0015,med_isoniazid,2026-04-28,2026-05-04,2026-05-04,157.0,delivered
ord_fac_0015_med_isoniazid_0003,fac_0015,med_isoniazid,2026-05-19,2026-05-24,2026-05-24,160.3,delivered
ord_fac_0015_med_isoniazid_0004,fac_0015,med_isoniazid,2026-06-09,2026-06-15,2026-06-15,148.9,delivered
ord_fac_0015_med_isoniazid_0005,fac_0015,med_isoniazid,2026-06-30,2026-07-05,2026-07-13,131.2,delayed
ord_fac_0015_med_isoniazid_0006,fac_0015,med_isoniazid,2026-07-21,2026-07-30,2026-07-30,175.1,delivered
ord_fac_0015_med_isoniazid_0007,fac_0015,med_isoniazid,2026-08-11,2026-08-19,2026-08-19,139.9,delivered
ord_fac_0015_med_isoniazid_0008,fac_0015,med_isoniazid,2026-09-01,2026-09-09,2026-09-10,179.2,delivered
ord_fac_0016_med_amoxicillin_0000,fac_0016,med_amoxicillin,2026-03-17,2026-03-26,2026-03-26,156.1,delivered
ord_fac_0016_med_amoxicillin_0001,fac_0016,med_amoxicillin,2026-04-07,2026-04-15,2026-04-15,182.2,delivered
ord_fac_0016_med_amoxicillin_0002,fac_0016,med_amoxicillin,2026-04-28,2026-05-06,2026-05-06,204.8,delivered
ord_fac_0016_med_amoxicillin_0003,fac_0016,med_amoxicillin,2026-05-19,2026-05-29,2026-05-29,214.2,delivered
ord_fac_0016_med_amoxicillin_0004,fac_0016,med_amoxicillin,2026-06-09,2026-06-16,2026-06-16,172.9,delivered
ord_fac_0016_med_amoxicillin_0005,fac_0016,med_amoxicillin,2026-06-30,2026-07-06,2026-07-06,191.9,delivered
ord_fac_0016_med_amoxicillin_0006,fac_0016,med_amoxicillin,2026-07-21,2026-07-27,2026-07-26,173.1,delivered
ord_fac_0016_med_amoxicillin_0007,fac_0016,med_amoxicillin,2026-08-11,2026-08-19,2026-08-19,164.7,delivered
ord_fac_0016_med_amoxicillin_0008,fac_0016,med_amoxicillin,2026-09-01,2026-09-09,2026-09-09,159.4,delivered
ord_fac_0016_med_paracetamol_0000,fac_0016,med_paracetamol,2026-03-17,2026-03-23,2026-03-27,166.5,delayed
ord_fac_0016_med_paracetamol_0001,fac_0016,med_paracetamol,2026-04-07,2026-04-14,2026-04-15,225.6,delivered
ord_fac_0016_med_paracetamol_0002,fac_0016,med_paracetamol,2026-04-28,2026-05-04,2026-05-04,199.7,delivered
ord_fac_0016_med_paracetamol_0003,fac_0016,med_paracetamol,2026-05-19,2026-05-24,2026-05-23,221.3,delivered
ord_fac_0016_med_paracetamol_0004,fac_0016,med_paracetamol,2026-06-09,2026-06-16,2026-06-16,180.7,delivered
ord_fac_0016_med_paracetamol_0005,fac_0016,med_paracetamol,2026-06-30,2026-07-08,2026-07-09,247.8,delivered
ord_fac_0016_med_paracetamol_0006,fac_0016,med_paracetamol,2026-07-21,2026-07-31,2026-08-08,201.7,delayed
ord_fac_0016_med_paracetamol_0007,fac_0016,med_paracetamol,2026-08-11,2026-08-15,2026-08-15,178.7,delivered
ord_fac_0016_med_paracetamol_0008,fac_0016,med_paracetamol,2026-09-01,2026-09-10,2026-09-10,238.5,delivered
ord_fac_0016_med_oral_rehydration_salts_0000,fac_0016,med_oral_rehydration_salts,2026-03-17,2026-03-18,2026-03-19,95.1,delivered
ord_fac_0016_med_oral_rehydration_salts_0001,fac_0016,med_oral_rehydration_salts,2026-04-07,2026-04-16,2026-04-17,78.9,delivered
ord_fac_0016_med_oral_rehydration_salts_0002,fac_0016,med_oral_rehydration_salts,2026-04-28,2026-05-03,2026-05-03,74.1,delivered
ord_fac_0016_med_oral_rehydration_salts_0003,fac_0016,med_oral_rehydration_salts,2026-05-19,2026-05-26,2026-05-26,101.6,delivered
ord_fac_0016_med_oral_rehydration_salts_0004,fac_0016,med_oral_rehydration_salts,2026-06-09,2026-06-14,2026-06-14,91.5,delivered
ord_fac_0016_med_oral_rehydration_salts_0005,fac_0016,med_oral_rehydration_salts,2026-06-30,2026-07-06,2026-07-06,84.1,delivered
ord_fac_0016_med_oral_rehydration_salts_0006,fac_0016,med_oral_rehydration_salts,2026-07-21,2026-07-28,2026-07-29,89.5,delivered
ord_fac_0016_med_oral_rehydration_salts_0007,fac_0016,med_oral_rehydration_salts,2026-08-11,2026-08-19,2026-08-19,97.6,delivered
ord_fac_0016_med_oral_rehydration_salts_0008,fac_0016,med_oral_rehydration_salts,2026-09-01,2026-09-07,2026-09-07,81.3,delivered
ord_fac_0016_med_insulin_0000,fac_0016,med_insulin,2026-03-17,2026-03-25,2026-03-25,85.4,delivered
ord_fac_0016_med_insulin_0001,fac_0016,med_insulin,2026-04-07,2026-04-13,2026-04-13,90.9,delivered
ord_fac_0016_med_insulin_0002,fac_0016,med_insulin,2026-04-28,2026-05-04,2026-05-04,88.1,delivered
ord_fac_0016_med_insulin_0003,fac_0016,med_insulin,2026-05-19,2026-05-25,2026-05-24,99.2,delivered
ord_fac_0016_med_insulin_0004,fac_0016,med_insulin,2026-06-09,2026-06-21,2026-06-20,100.7,delivered
ord_fac_0016_med_insulin_0005,fac_0016,med_insulin,2026-06-30,2026-07-06,2026-07-06,102.9,delivered
ord_fac_0016_med_insulin_0006,fac_0016,med_insulin,2026-07-21,2026-07-28,2026-08-06,106.3,delayed
ord_fac_0016_med_insulin_0007,fac_0016,med_insulin,2026-08-11,2026-08-16,2026-08-16,79.2,delivered
ord_fac_0016_med_insulin_0008,fac_0016,med_insulin,2026-09-01,2026-09-06,2026-09-06,99.4,delivered
ord_fac_0016_med_salbutamol_0000,fac_0016,med_salbutamol,2026-03-17,2026-03-28,2026-03-28,214.8,delivered
ord_fac_0016_med_salbutamol_0001,fac_0016,med_salbutamol,2026-04-07,2026-04-15,2026-04-15,154.8,delivered
ord_fac_0016_med_salbutamol_0002,fac_0016,med_salbutamol,2026-04-28,2026-05-03,2026-05-11,151.2,delayed
ord_fac_0016_med_salbutamol_0003,fac_0016,med_salbutamol,2026-05-19,2026-05-25,2026-05-26,158.4,delivered
ord_fac_0016_med_salbutamol_0004,fac_0016,med_salbutamol,2026-06-09,2026-06-15,2026-06-15,160.5,delivered
ord_fac_0016_med_salbutamol_0005,fac_0016,med_salbutamol,2026-06-30,2026-07-07,2026-07-07,177.1,delivered
ord_fac_0016_med_salbutamol_0006,fac_0016,med_salbutamol,2026-07-21,2026-07-23,2026-07-23,167.7,delivered
ord_fac_0016_med_salbutamol_0007,fac_0016,med_salbutamol,2026-08-11,2026-08-16,2026-08-16,206.5,delivered
ord_fac_0016_med_salbutamol_0008,fac_0016,med_salbutamol,2026-09-01,2026-09-08,2026-09-08,211.6,delivered
ord_fac_0016_med_ciprofloxacin_0000,fac_0016,med_ciprofloxacin,2026-03-17,2026-03-27,2026-03-27,119.7,delivered
ord_fac_0016_med_ciprofloxacin_0001,fac_0016,med_ciprofloxacin,2026-04-07,2026-04-13,2026-04-13,104.8,delivered
ord_fac_0016_med_ciprofloxacin_0002,fac_0016,med_ciprofloxacin,2026-04-28,2026-05-07,2026-05-07,132.6,delivered
ord_fac_0016_med_ciprofloxacin_0003,fac_0016,med_ciprofloxacin,2026-05-19,2026-05-29,2026-05-28,133.4,delivered
ord_fac_0016_med_ciprofloxacin_0004,fac_0016,med_ciprofloxacin,2026-06-09,2026-06-16,2026-06-16,115.0,delivered
ord_fac_0016_med_ciprofloxacin_0005,fac_0016,med_ciprofloxacin,2026-06-30,2026-07-04,2026-07-05,134.7,delivered
ord_fac_0016_med_ciprofloxacin_0006,fac_0016,med_ciprofloxacin,2026-07-21,2026-07-30,2026-07-30,101.3,delivered
ord_fac_0016_med_ciprofloxacin_0007,fac_0016,med_ciprofloxacin,2026-08-11,2026-08-17,2026-08-18,115.1,delivered
ord_fac_0016_med_ciprofloxacin_0008,fac_0016,med_ciprofloxacin,2026-09-01,2026-09-08,2026-09-08,98.4,delivered
ord_fac_0016_med_diazepam_0000,fac_0016,med_diazepam,2026-03-17,2026-03-24,2026-03-23,71.5,delivered
ord_fac_0016_med_diazepam_0001,fac_0016,med_diazepam,2026-04-07,2026-04-16,2026-04-16,88.0,delivered
ord_fac_0016_med_diazepam_0002,fac_0016,med_diazepam,2026-04-28,2026-05-03,2026-05-03,96.9,delivered
ord_fac_0016_med_diazepam_0003,fac_0016,med_diazepam,2026-05-19,2026-05-27,2026-05-27,81.1,delivered
ord_fac_0016_med_diazepam_0004,fac_0016,med_diazepam,2026-06-09,2026-06-15,2026-06-15,75.0,delivered
ord_fac_0016_med_diazepam_0005,fac_0016,med_diazepam,2026-06-30,2026-07-07,2026-07-06,74.3,delivered
ord_fac_0016_med_diazepam_0006,fac_0016,med_diazepam,2026-07-21,2026-07-27,2026-07-27,89.2,delivered
ord_fac_0016_med_diazepam_0007,fac_0016,med_diazepam,2026-08-11,2026-08-17,2026-08-17,87.0,delivered
ord_fac_0016_med_diazepam_0008,fac_0016,med_diazepam,2026-09-01,2026-09-09,2026-09-09,74.8,delivered
ord_fac_0016_med_folic_acid_0000,fac_0016,med_folic_acid,2026-03-17,2026-03-24,2026-03-23,99.1,delivered
ord_fac_0016_med_folic_acid_0001,fac_0016,med_folic_acid,2026-04-07,2026-04-16,2026-04-15,99.9,delivered
ord_fac_0016_med_folic_acid_0002,fac_0016,med_folic_acid,2026-04-28,2026-05-06,2026-05-13,89.0,delayed
ord_fac_0016_med_folic_acid_0003,fac_0016,med_folic_acid,2026-05-19,2026-05-24,2026-05-24,78.9,delivered
ord_fac_0016_med_folic_acid_0004,fac_0016,med_folic_acid,2026-06-09,2026-06-19,2026-06-19,80.0,delivered
ord_fac_0016_med_folic_acid_0005,fac_0016,med_folic_acid,2026-06-30,2026-07-06,2026-07-15,102.2,delayed
ord_fac_0016_med_folic_acid_0006,fac_0016,med_folic_acid,2026-07-21,2026-07-27,2026-08-05,81.8,delayed
ord_fac_0016_med_folic_acid_0007,fac_0016,med_folic_acid,2026-08-11,2026-08-17,2026-08-17,103.2,delivered
ord_fac_0016_med_folic_acid_0008,fac_0016,med_folic_acid,2026-09-01,2026-09-06,2026-09-06,77.4,delivered
ord_fac_0016_med_artesunate_0000,fac_0016,med_artesunate,2026-03-17,2026-03-22,2026-03-22,133.0,delivered
ord_fac_0016_med_artesunate_0001,fac_0016,med_artesunate,2026-04-07,2026-04-19,2026-04-20,108.4,delivered
ord_fac_0016_med_artesunate_0002,fac_0016,med_artesunate,2026-04-28,2026-05-05,2026-05-05,118.1,delivered
ord_fac_0016_med_artesunate_0003,fac_0016,med_artesunate,2026-05-19,2026-05-28,2026-05-28,108.9,delivered
ord_fac_0016_med_artesunate_0004,fac_0016,med_artesunate,2026-06-09,2026-06-19,2026-06-19,140.1,delivered
ord_fac_0016_med_artesunate_0005,fac_0016,med_artesunate,2026-06-30,2026-07-08,2026-07-08,132.2,delivered
ord_fac_0016_med_artesunate_0006,fac_0016,med_artesunate,2026-07-21,2026-07-26,2026-07-25,114.0,delivered
ord_fac_0016_med_artesunate_0007,fac_0016,med_artesunate,2026-08-11,2026-08-21,2026-08-21,122.8,delivered
ord_fac_0016_med_artesunate_0008,fac_0016,med_artesunate,2026-09-01,2026-09-09,2026-09-09,143.0,delivered
ord_fac_0016_med_oxytocin_0000,fac_0016,med_oxytocin,2026-03-17,2026-03-24,2026-03-24,178.1,delivered
ord_fac_0016_med_oxytocin_0001,fac_0016,med_oxytocin,2026-04-07,2026-04-15,2026-04-15,166.8,delivered
ord_fac_0016_med_oxytocin_0002,fac_0016,med_oxytocin,2026-04-28,2026-05-07,2026-05-07,148.6,delivered
ord_fac_0016_med_oxytocin_0003,fac_0016,med_oxytocin,2026-05-19,2026-05-26,2026-05-26,143.3,delivered
ord_fac_0016_med_oxytocin_0004,fac_0016,med_oxytocin,2026-06-09,2026-06-17,2026-06-17,185.1,delivered
ord_fac_0016_med_oxytocin_0005,fac_0016,med_oxytocin,2026-06-30,2026-07-12,2026-07-12,178.2,delivered
ord_fac_0016_med_oxytocin_0006,fac_0016,med_oxytocin,2026-07-21,2026-07-27,2026-07-27,140.1,delivered
ord_fac_0016_med_oxytocin_0007,fac_0016,med_oxytocin,2026-08-11,2026-08-19,2026-08-22,179.7,delayed
ord_fac_0016_med_oxytocin_0008,fac_0016,med_oxytocin,2026-09-01,2026-09-08,2026-09-08,140.5,delivered
ord_fac_0016_med_ringer_s_lactate_0000,fac_0016,med_ringer_s_lactate,2026-03-17,2026-03-22,2026-03-22,156.0,delivered
ord_fac_0016_med_ringer_s_lactate_0001,fac_0016,med_ringer_s_lactate,2026-04-07,2026-04-17,2026-04-17,162.5,delivered
ord_fac_0016_med_ringer_s_lactate_0002,fac_0016,med_ringer_s_lactate,2026-04-28,2026-05-07,2026-05-07,154.3,delivered
ord_fac_0016_med_ringer_s_lactate_0003,fac_0016,med_ringer_s_lactate,2026-05-19,2026-05-21,2026-05-21,173.9,delivered
ord_fac_0016_med_ringer_s_lactate_0004,fac_0016,med_ringer_s_lactate,2026-06-09,2026-06-19,2026-06-19,151.0,delivered
ord_fac_0016_med_ringer_s_lactate_0005,fac_0016,med_ringer_s_lactate,2026-06-30,2026-07-09,2026-07-09,130.7,delivered
ord_fac_0016_med_ringer_s_lactate_0006,fac_0016,med_ringer_s_lactate,2026-07-21,2026-08-01,2026-07-31,165.3,delivered
ord_fac_0016_med_ringer_s_lactate_0007,fac_0016,med_ringer_s_lactate,2026-08-11,2026-08-18,2026-08-18,154.4,delivered
ord_fac_0016_med_ringer_s_lactate_0008,fac_0016,med_ringer_s_lactate,2026-09-01,2026-09-08,2026-09-08,170.5,delivered
ord_fac_0016_med_isoniazid_0000,fac_0016,med_isoniazid,2026-03-17,2026-03-27,2026-03-27,108.8,delivered
ord_fac_0016_med_isoniazid_0001,fac_0016,med_isoniazid,2026-04-07,2026-04-15,2026-04-15,109.4,delivered
ord_fac_0016_med_isoniazid_0002,fac_0016,med_isoniazid,2026-04-28,2026-04-30,2026-04-30,107.5,delivered
ord_fac_0016_med_isoniazid_0003,fac_0016,med_isoniazid,2026-05-19,2026-05-27,2026-05-27,74.6,delivered
ord_fac_0016_med_isoniazid_0004,fac_0016,med_isoniazid,2026-06-09,2026-06-17,2026-06-17,92.4,delivered
ord_fac_0016_med_isoniazid_0005,fac_0016,med_isoniazid,2026-06-30,2026-07-07,2026-07-06,89.0,delivered
ord_fac_0016_med_isoniazid_0006,fac_0016,med_isoniazid,2026-07-21,2026-07-25,2026-07-25,89.6,delivered
ord_fac_0016_med_isoniazid_0007,fac_0016,med_isoniazid,2026-08-11,2026-08-19,2026-08-19,90.3,delivered
ord_fac_0016_med_isoniazid_0008,fac_0016,med_isoniazid,2026-09-01,2026-09-08,,74.2,in_transit
ord_fac_0017_med_amoxicillin_0000,fac_0017,med_amoxicillin,2026-03-17,2026-03-21,2026-03-22,109.0,delivered
ord_fac_0017_med_amoxicillin_0001,fac_0017,med_amoxicillin,2026-04-07,2026-04-13,2026-04-13,125.7,delivered
ord_fac_0017_med_amoxicillin_0002,fac_0017,med_amoxicillin,2026-04-28,2026-05-07,2026-05-07,119.8,delivered
ord_fac_0017_med_amoxicillin_0003,fac_0017,med_amoxicillin,2026-05-19,2026-05-26,2026-05-26,121.7,delivered
ord_fac_0017_med_amoxicillin_0004,fac_0017,med_amoxicillin,2026-06-09,2026-06-16,2026-06-16,128.6,delivered
ord_fac_0017_med_amoxicillin_0005,fac_0017,med_amoxicillin,2026-06-30,2026-07-03,2026-07-03,102.4,delivered
ord_fac_0017_med_amoxicillin_0006,fac_0017,med_amoxicillin,2026-07-21,2026-08-03,2026-08-03,115.8,delivered
ord_fac_0017_med_amoxicillin_0007,fac_0017,med_amoxicillin,2026-08-11,2026-08-16,2026-08-17,99.2,delivered
ord_fac_0017_med_amoxicillin_0008,fac_0017,med_amoxicillin,2026-09-01,2026-09-08,2026-09-08,113.7,delivered
ord_fac_0017_med_paracetamol_0000,fac_0017,med_paracetamol,2026-03-17,2026-03-25,2026-03-25,169.3,delivered
ord_fac_0017_med_paracetamol_0001,fac_0017,med_paracetamol,2026-04-07,2026-04-16,2026-04-16,165.9,delivered
ord_fac_0017_med_paracetamol_0002,fac_0017,med_paracetamol,2026-04-28,2026-05-03,2026-05-03,193.2,delivered
ord_fac_0017_med_paracetamol_0003,fac_0017,med_paracetamol,2026-05-19,2026-05-28,2026-05-28,182.0,delivered
ord_fac_0017_med_paracetamol_0004,fac_0017,med_paracetamol,2026-06-09,2026-06-14,2026-06-14,232.5,delivered
ord_fac_0017_med_paracetamol_0005,fac_0017,med_paracetamol,2026-06-30,2026-07-05,2026-07-05,171.5,delivered
ord_fac_0017_med_paracetamol_0006,fac_0017,med_paracetamol,2026-07-21,2026-07-27,2026-07-28,181.2,delivered
ord_fac_0017_med_paracetamol_0007,fac_0017,med_paracetamol,2026-08-11,2026-08-17,2026-08-18,217.8,delivered
ord_fac_0017_med_paracetamol_0008,fac_0017,med_paracetamol,2026-09-01,2026-09-08,2026-09-08,160.5,delivered
ord_fac_0017_med_oral_rehydration_salts_0000,fac_0017,med_oral_rehydration_salts,2026-03-17,2026-03-26,2026-03-27,230.3,delivered
ord_fac_0017_med_oral_rehydration_salts_0001,fac_0017,med_oral_rehydration_salts,2026-04-07,2026-04-13,2026-04-12,228.3,delivered
ord_fac_0017_med_oral_rehydration_salts_0002,fac_0017,med_oral_rehydration_salts,2026-04-28,2026-05-04,2026-05-04,202.8,delivered
ord_fac_0017_med_oral_rehydration_salts_0003,fac_0017,med_oral_rehydration_salts,2026-05-19,2026-05-26,2026-05-26,209.7,delivered
ord_fac_0017_med_oral_rehydration_salts_0004,fac_0017,med_oral_rehydration_salts,2026-06-09,2026-06-13,2026-06-13,230.7,delivered
ord_fac_0017_med_oral_rehydration_salts_0005,fac_0017,med_oral_rehydration_salts,2026-06-30,2026-07-05,2026-07-06,172.5,delivered
ord_fac_0017_med_oral_rehydration_salts_0006,fac_0017,med_oral_rehydration_salts,2026-07-21,2026-07-26,2026-07-25,207.7,delivered
ord_fac_0017_med_oral_rehydration_salts_0007,fac_0017,med_oral_rehydration_salts,2026-08-11,2026-08-18,2026-08-17,225.5,delivered
ord_fac_0017_med_oral_rehydration_salts_0008,fac_0017,med_oral_rehydration_salts,2026-09-01,2026-09-08,2026-09-08,206.1,delivered
ord_fac_0017_med_insulin_0000,fac_0017,med_insulin,2026-03-17,2026-03-26,2026-04-04,160.9,delayed
ord_fac_0017_med_insulin_0001,fac_0017,med_insulin,2026-04-07,2026-04-12,2026-04-11,157.7,delivered
ord_fac_0017_med_insulin_0002,fac_0017,med_insulin,2026-04-28,2026-05-06,2026-05-07,130.7,delivered
ord_fac_0017_med_insulin_0003,fac_0017,med_insulin,2026-05-19,2026-06-01,2026-06-06,179.1,delayed
ord_fac_0017_med_insulin_0004,fac_0017,med_insulin,2026-06-09,2026-06-14,2026-06-24,133.6,delayed
ord_fac_0017_med_insulin_0005,fac_0017,med_insulin,2026-06-30,2026-07-09,2026-07-10,181.6,delivered
ord_fac_0017_med_insulin_0006,fac_0017,med_insulin,2026-07-21,2026-08-01,2026-07-31,139.2,delivered
ord_fac_0017_med_insulin_0007,fac_0017,med_insulin,2026-08-11,2026-08-21,2026-08-21,154.5,delivered
ord_fac_0017_med_insulin_0008,fac_0017,med_insulin,2026-09-01,2026-09-06,2026-09-07,163.3,delivered
ord_fac_0017_med_salbutamol_0000,fac_0017,med_salbutamol,2026-03-17,2026-03-26,2026-03-26,192.6,delivered
ord_fac_0017_med_salbutamol_0001,fac_0017,med_salbutamol,2026-04-07,2026-04-16,2026-04-16,181.8,delivered
ord_fac_0017_med_salbutamol_0002,fac_0017,med_salbutamol,2026-04-28,2026-04-29,2026-05-07,204.2,delayed
ord_fac_0017_med_salbutamol_0003,fac_0017,med_salbutamol,2026-05-19,2026-05-26,2026-05-26,140.9,delivered
ord_fac_0017_med_salbutamol_0004,fac_0017,med_salbutamol,2026-06-09,2026-06-20,2026-06-19,174.5,delivered
ord_fac_0017_med_salbutamol_0005,fac_0017,med_salbutamol,2026-06-30,2026-07-07,2026-07-07,198.4,delivered
ord_fac_0017_med_salbutamol_0006,fac_0017,med_salbutamol,2026-07-21,2026-07-29,2026-07-29,140.2,delivered
ord_fac_0017_med_salbutamol_0007,fac_0017,med_salbutamol,2026-08-11,2026-08-17,2026-08-17,174.8,delivered
ord_fac_0017_med_salbutamol_0008,fac_0017,med_salbutamol,2026-09-01,2026-09-04,2026-09-04,168.1,delivered
ord_fac_0017_med_ciprofloxacin_0000,fac_0017,med_ciprofloxacin,2026-03-17,2026-03-27,2026-03-28,89.3,delivered
ord_fac_0017_med_ciprofloxacin_0001,fac_0017,med_ciprofloxacin,2026-04-07,2026-04-16,2026-04-17,103.0,delivered
ord_fac_0017_med_ciprofloxacin_0002,fac_0017,med_ciprofloxacin,2026-04-28,2026-05-08,2026-05-08,79.9,delivered
ord_fac_0017_med_ciprofloxacin_0003,fac_0017,med_ciprofloxacin,2026-05-19,2026-05-25,2026-05-26,83.7,delivered
ord_fac_0017_med_ciprofloxacin_0004,fac_0017,med_ciprofloxacin,2026-06-09,2026-06-19,2026-06-19,83.1,delivered
ord_fac_0017_med_ciprofloxacin_0005,fac_0017,med_ciprofloxacin,2026-06-30,2026-07-08,2026-07-08,94.5,delivered
ord_fac_0017_med_ciprofloxacin_0006,fac_0017,med_ciprofloxacin,2026-07-21,2026-07-29,2026-07-29,69.1,delivered
ord_fac_0017_med_ciprofloxacin_0007,fac_0017,med_ciprofloxacin,2026-08-11,2026-08-15,2026-08-16,97.9,delivered
ord_fac_0017_med_ciprofloxacin_0008,fac_0017,med_ciprofloxacin,2026-09-01,2026-09-08,2026-09-08,90.4,delivered
ord_fac_0017_med_diazepam_0000,fac_0017,med_diazepam,2026-03-17,2026-03-25,2026-03-25,120.6,delivered
ord_fac_0017_med_diazepam_0001,fac_0017,med_diazepam,2026-04-07,2026-04-12,2026-04-11,131.7,delivered
ord_fac_0017_med_diazepam_0002,fac_0017,med_diazepam,2026-04-28,2026-05-06,2026-05-05,121.9,delivered
ord_fac_0017_med_diazepam_0003,fac_0017,med_diazepam,2026-05-19,2026-05-24,2026-05-25,113.2,delivered
ord_fac_0017_med_diazepam_0004,fac_0017,med_diazepam,2026-06-09,2026-06-15,2026-06-16,101.0,delivered
ord_fac_0017_med_diazepam_0005,fac_0017,med_diazepam,2026-06-30,2026-07-04,2026-07-05,133.8,delivered
ord_fac_0017_med_diazepam_0006,fac_0017,med_diazepam,2026-07-21,2026-07-29,2026-07-29,108.8,delivered
ord_fac_0017_med_diazepam_0007,fac_0017,med_diazepam,2026-08-11,2026-08-20,2026-08-20,131.9,delivered
ord_fac_0017_med_diazepam_0008,fac_0017,med_diazepam,2026-09-01,2026-09-09,2026-09-10,116.4,delivered
ord_fac_0017_med_folic_acid_0000,fac_0017,med_folic_acid,2026-03-17,2026-03-23,2026-03-22,158.4,delivered
ord_fac_0017_med_folic_acid_0001,fac_0017,med_folic_acid,2026-04-07,2026-04-12,2026-04-12,143.2,delivered
ord_fac_0017_med_folic_acid_0002,fac_0017,med_folic_acid,2026-04-28,2026-05-05,2026-05-15,168.4,delayed
ord_fac_0017_med_folic_acid_0003,fac_0017,med_folic_acid,2026-05-19,2026-05-26,2026-05-26,128.7,delivered
ord_fac_0017_med_folic_acid_0004,fac_0017,med_folic_acid,2026-06-09,2026-06-13,2026-06-14,133.9,delivered
ord_fac_0017_med_folic_acid_0005,fac_0017,med_folic_acid,2026-06-30,2026-07-06,2026-07-06,119.2,delivered
ord_fac_0017_med_folic_acid_0006,fac_0017,med_folic_acid,2026-07-21,2026-07-27,2026-07-27,128.1,delivered
ord_fac_0017_med_folic_acid_0007,fac_0017,med_folic_acid,2026-08-11,2026-08-18,2026-08-19,154.1,delivered
ord_fac_0017_med_folic_acid_0008,fac_0017,med_folic_acid,2026-09-01,2026-09-09,2026-09-09,150.2,delivered
ord_fac_0017_med_artesunate_0000,fac_0017,med_artesunate,2026-03-17,2026-03-21,2026-03-26,66.9,delayed
ord_fac_0017_med_artesunate_0001,fac_0017,med_artesunate,2026-04-07,2026-04-13,2026-04-13,63.3,delivered
ord_fac_0017_med_artesunate_0002,fac_0017,med_artesunate,2026-04-28,2026-05-01,2026-04-30,83.4,delivered
ord_fac_0017_med_artesunate_0003,fac_0017,med_artesunate,2026-05-19,2026-05-27,2026-05-27,83.6,delivered
ord_fac_0017_med_artesunate_0004,fac_0017,med_artesunate,2026-06-09,2026-06-14,2026-06-15,81.4,delivered
ord_fac_0017_med_artesunate_0005,fac_0017,med_artesunate,2026-06-30,2026-07-06,2026-07-05,65.1,delivered
ord_fac_0017_med_artesunate_0006,fac_0017,med_artesunate,2026-07-21,2026-07-30,2026-07-30,59.6,delivered
ord_fac_0017_med_artesunate_0007,fac_0017,med_artesunate,2026-08-11,2026-08-18,2026-08-20,75.6,delayed
ord_fac_0017_med_artesunate_0008,fac_0017,med_artesunate,2026-09-01,2026-09-09,2026-09-09,84.5,delivered
ord_fac_0017_med_oxytocin_0000,fac_0017,med_oxytocin,2026-03-17,2026-03-23,2026-03-23,99.2,delivered
ord_fac_0017_med_oxytocin_0001,fac_0017,med_oxytocin,2026-04-07,2026-04-14,2026-04-14,88.0,delivered
ord_fac_0017_med_oxytocin_0002,fac_0017,med_oxytocin,2026-04-28,2026-05-05,2026-05-05,105.0,delivered
ord_fac_0017_med_oxytocin_0003,fac_0017,med_oxytocin,2026-05-19,2026-05-26,2026-05-26,102.8,delivered
ord_fac_0017_med_oxytocin_0004,fac_0017,med_oxytocin,2026-06-09,2026-06-14,2026-06-14,90.9,delivered
ord_fac_0017_med_oxytocin_0005,fac_0017,med_oxytocin,2026-06-30,2026-07-08,2026-07-08,96.9,delivered
ord_fac_0017_med_oxytocin_0006,fac_0017,med_oxytocin,2026-07-21,2026-07-26,2026-07-26,101.9,delivered
ord_fac_0017_med_oxytocin_0007,fac_0017,med_oxytocin,2026-08-11,2026-08-18,2026-08-19,108.8,delivered
ord_fac_0017_med_oxytocin_0008,fac_0017,med_oxytocin,2026-09-01,2026-09-08,2026-09-08,92.0,delivered
ord_fac_0017_med_ringer_s_lactate_0000,fac_0017,med_ringer_s_lactate,2026-03-17,2026-03-22,2026-03-22,207.8,delivered
ord_fac_0017_med_ringer_s_lactate_0001,fac_0017,med_ringer_s_lactate,2026-04-07,2026-04-15,2026-04-15,195.0,delivered
ord_fac_0017_med_ringer_s_lactate_0002,fac_0017,med_ringer_s_lactate,2026-04-28,2026-05-04,2026-05-04,159.5,delivered
ord_fac_0017_med_ringer_s_lactate_0003,fac_0017,med_ringer_s_lactate,2026-05-19,2026-05-22,2026-05-23,190.9,delivered
ord_fac_0017_med_ringer_s_lactate_0004,fac_0017,med_ringer_s_lactate,2026-06-09,2026-06-14,2026-06-14,191.2,delivered
ord_fac_0017_med_ringer_s_lactate_0005,fac_0017,med_ringer_s_lactate,2026-06-30,2026-07-08,2026-07-08,190.2,delivered
ord_fac_0017_med_ringer_s_lactate_0006,fac_0017,med_ringer_s_lactate,2026-07-21,2026-07-25,2026-07-25,174.3,delivered
ord_fac_0017_med_ringer_s_lactate_0007,fac_0017,med_ringer_s_lactate,2026-08-11,2026-08-19,2026-08-19,186.3,delivered
ord_fac_0017_med_ringer_s_lactate_0008,fac_0017,med_ringer_s_lactate,2026-09-01,2026-09-08,2026-09-07,204.7,delivered
ord_fac_0017_med_isoniazid_0000,fac_0017,med_isoniazid,2026-03-17,2026-03-25,2026-03-25,71.3,delivered
ord_fac_0017_med_isoniazid_0001,fac_0017,med_isoniazid,2026-04-07,2026-04-16,2026-04-23,75.9,delayed
ord_fac_0017_med_isoniazid_0002,fac_0017,med_isoniazid,2026-04-28,2026-05-09,2026-05-17,61.8,delayed
ord_fac_0017_med_isoniazid_0003,fac_0017,med_isoniazid,2026-05-19,2026-06-01,2026-06-01,67.2,delivered
ord_fac_0017_med_isoniazid_0004,fac_0017,med_isoniazid,2026-06-09,2026-06-14,2026-06-14,54.8,delivered
ord_fac_0017_med_isoniazid_0005,fac_0017,med_isoniazid,2026-06-30,2026-07-07,2026-07-08,77.3,delivered
ord_fac_0017_med_isoniazid_0006,fac_0017,med_isoniazid,2026-07-21,2026-07-26,2026-07-26,55.4,delivered
ord_fac_0017_med_isoniazid_0007,fac_0017,med_isoniazid,2026-08-11,2026-08-16,2026-08-16,69.8,delivered
ord_fac_0017_med_isoniazid_0008,fac_0017,med_isoniazid,2026-09-01,2026-09-08,2026-09-08,65.2,delivered
